-- phpMyAdmin SQL Dump
-- version 5.2.1
-- https://www.phpmyadmin.net/
--
-- Servidor: 127.0.0.1
-- Tiempo de generaci칩n: 24-03-2025 a las 07:36:37
-- Versi칩n del servidor: 10.4.32-MariaDB
-- Versi칩n de PHP: 8.0.30

SET SQL_MODE = "NO_AUTO_VALUE_ON_ZERO";
START TRANSACTION;
SET time_zone = "+00:00";


/*!40101 SET @OLD_CHARACTER_SET_CLIENT=@@CHARACTER_SET_CLIENT */;
/*!40101 SET @OLD_CHARACTER_SET_RESULTS=@@CHARACTER_SET_RESULTS */;
/*!40101 SET @OLD_COLLATION_CONNECTION=@@COLLATION_CONNECTION */;
/*!40101 SET NAMES utf8mb4 */;

--
-- Base de datos: `cartelerabd`
--

-- --------------------------------------------------------

--
-- Estructura de tabla para la tabla `clasificaciones`
--

CREATE TABLE `clasificaciones` (
  `id_clasificacion` int(11) NOT NULL,
  `tipo_clasificacion` varchar(10) NOT NULL,
  `descripcion` text NOT NULL
) ENGINE=InnoDB DEFAULT CHARSET=utf8mb4 COLLATE=utf8mb4_general_ci;

--
-- Volcado de datos para la tabla `clasificaciones`
--

INSERT INTO `clasificaciones` (`id_clasificacion`, `tipo_clasificacion`, `descripcion`) VALUES
(1, 'B15', 'Para Mayores de 15 a침os '),
(3, 'A', 'Apto para todo el publico'),
(4, 'B', '游꿟 Clasificaci칩n B\r\n\"Contenido para adolescentes a partir de los 12 a침os de edad.\"\r\n\r\n游댳 Descripci칩n: Pel칤culas dirigidas a un p칰blico adolescente y adulto joven. El contenido puede incluir:\r\n\r\nLenguaje moderado\r\n\r\nTemas de violencia no expl칤cita\r\n\r\nInsinuaciones sexuales leves\r\n\r\nConsumo ocasional de alcohol o tabaco dentro de contexto\r\n\r\n游꿢 Recomendada para mayores de 12 a침os. Se sugiere la gu칤a de padres si menores de esta edad la ven.');

-- --------------------------------------------------------

--
-- Estructura de tabla para la tabla `favoritos`
--

CREATE TABLE `favoritos` (
  `id_usuario` int(11) NOT NULL,
  `id_pelicula` int(11) NOT NULL,
  `fecha_guardado` timestamp NOT NULL DEFAULT current_timestamp()
) ENGINE=InnoDB DEFAULT CHARSET=utf8mb4 COLLATE=utf8mb4_general_ci;

--
-- Volcado de datos para la tabla `favoritos`
--

INSERT INTO `favoritos` (`id_usuario`, `id_pelicula`, `fecha_guardado`) VALUES
(3, 7, '2025-03-24 13:18:52'),
(3, 8, '2025-03-24 13:32:40');

-- --------------------------------------------------------

--
-- Estructura de tabla para la tabla `generos`
--

CREATE TABLE `generos` (
  `genero_id` int(11) NOT NULL,
  `nombre_genero` varchar(100) NOT NULL
) ENGINE=InnoDB DEFAULT CHARSET=utf8mb4 COLLATE=utf8mb4_general_ci;

--
-- Volcado de datos para la tabla `generos`
--

INSERT INTO `generos` (`genero_id`, `nombre_genero`) VALUES
(3, 'Acicion'),
(1, 'Ciencia Ficci칩n'),
(2, 'Terror');

-- --------------------------------------------------------

--
-- Estructura de tabla para la tabla `peliculas`
--

CREATE TABLE `peliculas` (
  `id_pelicula` int(11) NOT NULL,
  `titulo` varchar(255) NOT NULL,
  `sinopsis` text NOT NULL,
  `fecha_estreno` date NOT NULL,
  `duracion` int(11) NOT NULL,
  `id_clasificacion` int(11) NOT NULL,
  `genero_id` int(11) NOT NULL,
  `poster_url` varchar(255) DEFAULT NULL,
  `trailer_url` varchar(255) DEFAULT NULL
) ENGINE=InnoDB DEFAULT CHARSET=utf8mb4 COLLATE=utf8mb4_general_ci;

--
-- Volcado de datos para la tabla `peliculas`
--

INSERT INTO `peliculas` (`id_pelicula`, `titulo`, `sinopsis`, `fecha_estreno`, `duracion`, `id_clasificacion`, `genero_id`, `poster_url`, `trailer_url`) VALUES
(7, 'El conjuro ', 'Basada en hechos reales. Narra los encuentros sobrenaturales que vivi칩 la familia Perron en su casa de Rhode Island a principios de los 70. Ed y Lorraine Warren, investigadores de renombre en el mundo de los fen칩menos paranormales, acuden a la llamada de una familia aterrorizada por la presencia en su granja de un ser maligno.', '2025-03-12', 35, 1, 2, 'https://megustaelcine.com/wp-content/uploads/2024/11/POSTER-El-conjuro-692x1024.jpg ', 'https://www.youtube.com/embed/k10ETZ41q5o'),
(8, 'Spiderman', 'Luego de sufrir la picadura de una ara침a gen칠ticamente modificada, un estudiante de secundaria t칤mido y torpe adquiere incre칤bles capacidades como ar치cnido. Pronto comprender치 que su misi칩n es utilizarlas para luchar contra el mal y defender a sus vecinos.', '2020-05-12', 34, 3, 1, 'https://pics.filmaffinity.com/Spider_Man-135800517-large.jpg', 'https://www.youtube.com/embed/JfVOs4VSpmA'),
(9, 'titanic ', 'ack es un joven artista que gana un pasaje para viajar a Am칠rica en el Titanic, el transatl치ntico m치s grande y seguro jam치s construido. A bordo del buque conoce a Rose, una chica de clase alta que viaja con su madre y su prometido Cal, un millonario engre칤do a quien solo interesa el prestigio de la familia de su prometida. Jack y Rose se enamoran a pesar de las trabas que ponen la madre de ella y Cal en su relaci칩n. Mientras, el lujoso transatl치ntico se acerca a un inmenso iceberg.', '2002-11-01', 95, 3, 3, 'https://encrypted-tbn2.gstatic.com/images?q=tbn:ANd9GcTrF3kzAirgt3-D5uxfWmuilFggiwXnwQI-Gl_gv-fU0bZLk65jywWLmHX0esJVAEmNimRXQg6f3DELAnV8BdT-kFq1sA1A8A', 'https://www.youtube.com/embed/kVrqfYjkTdQ');

-- --------------------------------------------------------

--
-- Estructura de tabla para la tabla `pelicula_reparto`
--

CREATE TABLE `pelicula_reparto` (
  `id_pelicula` int(11) NOT NULL,
  `id_reparto` int(11) NOT NULL,
  `rol` varchar(255) NOT NULL
) ENGINE=InnoDB DEFAULT CHARSET=utf8mb4 COLLATE=utf8mb4_general_ci;

--
-- Volcado de datos para la tabla `pelicula_reparto`
--

INSERT INTO `pelicula_reparto` (`id_pelicula`, `id_reparto`, `rol`) VALUES
(7, 7, 'Ed warren'),
(7, 8, 'Lorraine Warren'),
(8, 9, 'Spiderman'),
(8, 10, 'Mary Jane Watson'),
(9, 11, 'Jack Dawson'),
(9, 12, 'Rose DeWitt Bukat');

-- --------------------------------------------------------

--
-- Estructura de tabla para la tabla `reparto`
--

CREATE TABLE `reparto` (
  `id_reparto` int(11) NOT NULL,
  `nombre` varchar(255) NOT NULL,
  `tipo` enum('Actor','Director') NOT NULL,
  `foto_url` text DEFAULT NULL
) ENGINE=InnoDB DEFAULT CHARSET=utf8mb4 COLLATE=utf8mb4_general_ci;

--
-- Volcado de datos para la tabla `reparto`
--

INSERT INTO `reparto` (`id_reparto`, `nombre`, `tipo`, `foto_url`) VALUES
(7, 'Ptrick Wilson', 'Actor', 'data:image/jpeg;base64,/9j/4AAQSkZJRgABAQAAAQABAAD/4QFRRXhpZgAASUkqAAgAAAAEAA4BAgDqAAAAPgAAAJiCAgARAAAAKAEAABoBBQABAAAAOQEAABsBBQABAAAAQQEAAAAAAABMT1MgQU5HRUxFUywgQ0EgLSBBVUdVU1QgMTY6ICBBY3RvciBQYXRyaWNrIFdpbHNvbiBhcnJpdmVzIGF0IHRoZSBwcmVtaWVyZSBvZiBNaXJhbWF4J3MgIlRoZSBTd2l0Y2giIGhlbGQgYXQgQXJjbGlnaHQgSG9sbHl3b29kIGF0IHRoZSBDaW5lcmFtYSBEb21lIG9uIEF1Z3VzdCAxNiwgMjAxMCBpbiBMb3MgQW5nZWxlcywgQ2FsaWZvcm5pYS4gIChQaG90byBieSBKYXNvbiBNZXJyaXR0L0dldHR5IEltYWdlcykyMDEwIEdldHR5IEltYWdlcywBAAABAAAALAEAAAEAAAD/7QFEUGhvdG9zaG9wIDMuMAA4QklNBAQAAAAAASgcAlAADUphc29uIE1lcnJpdHQcAngA6kxPUyBBTkdFTEVTLCBDQSAtIEFVR1VTVCAxNjogIEFjdG9yIFBhdHJpY2sgV2lsc29uIGFycml2ZXMgYXQgdGhlIHByZW1pZXJlIG9mIE1pcmFtYXgncyAiVGhlIFN3aXRjaCIgaGVsZCBhdCBBcmNsaWdodCBIb2xseXdvb2QgYXQgdGhlIENpbmVyYW1hIERvbWUgb24gQXVndXN0IDE2LCAyMDEwIGluIExvcyBBbmdlbGVzLCBDYWxpZm9ybmlhLiAgKFBob3RvIGJ5IEphc29uIE1lcnJpdHQvR2V0dHkgSW1hZ2VzKRwCdAARMjAxMCBHZXR0eSBJbWFnZXMcAm4ADEdldHR5IEltYWdlc//hBhFodHRwOi8vbnMuYWRvYmUuY29tL3hhcC8xLjAvADw/eHBhY2tldCBiZWdpbj0i77u/IiBpZD0iVzVNME1wQ2VoaUh6cmVTek5UY3prYzlkIj8+Cjx4OnhtcG1ldGEgeG1sbnM6eD0iYWRvYmU6bnM6bWV0YS8iPgoJPHJkZjpSREYgeG1sbnM6cmRmPSJodHRwOi8vd3d3LnczLm9yZy8xOTk5LzAyLzIyLXJkZi1zeW50YXgtbnMjIj4KCQk8cmRmOkRlc2NyaXB0aW9uIHJkZjphYm91dD0iIiB4bWxuczpwaG90b3Nob3A9Imh0dHA6Ly9ucy5hZG9iZS5jb20vcGhvdG9zaG9wLzEuMC8iIHhtbG5zOklwdGM0eG1wQ29yZT0iaHR0cDovL2lwdGMub3JnL3N0ZC9JcHRjNHhtcENvcmUvMS4wL3htbG5zLyIgICB4bWxuczpHZXR0eUltYWdlc0dJRlQ9Imh0dHA6Ly94bXAuZ2V0dHlpbWFnZXMuY29tL2dpZnQvMS4wLyIgeG1sbnM6ZGM9Imh0dHA6Ly9wdXJsLm9yZy9kYy9lbGVtZW50cy8xLjEvIiB4bWxuczpwbHVzPSJodHRwOi8vbnMudXNlcGx1cy5vcmcvbGRmL3htcC8xLjAvIiAgeG1sbnM6aXB0Y0V4dD0iaHR0cDovL2lwdGMub3JnL3N0ZC9JcHRjNHhtcEV4dC8yMDA4LTAyLTI5LyIgeG1sbnM6eG1wUmlnaHRzPSJodHRwOi8vbnMuYWRvYmUuY29tL3hhcC8xLjAvcmlnaHRzLyIgZGM6UmlnaHRzPSIyMDEwIEdldHR5IEltYWdlcyIgcGhvdG9zaG9wOkNyZWRpdD0iR2V0dHkgSW1hZ2VzIiBHZXR0eUltYWdlc0dJRlQ6QXNzZXRJRD0iMTAzNDExODU0IiB4bXBSaWdodHM6V2ViU3RhdGVtZW50PSJodHRwczovL3d3dy5nZXR0eWltYWdlcy5jb20vZXVsYT91dG1fbWVkaXVtPW9yZ2FuaWMmYW1wO3V0bV9zb3VyY2U9Z29vZ2xlJmFtcDt1dG1fY2FtcGFpZ249aXB0Y3VybCIgPgo8ZGM6Y3JlYXRvcj48cmRmOlNlcT48cmRmOmxpPkphc29uIE1lcnJpdHQ8L3JkZjpsaT48L3JkZjpTZXE+PC9kYzpjcmVhdG9yPjxkYzpkZXNjcmlwdGlvbj48cmRmOkFsdD48cmRmOmxpIHhtbDpsYW5nPSJ4LWRlZmF1bHQiPkxPUyBBTkdFTEVTLCBDQSAtIEFVR1VTVCAxNjogIEFjdG9yIFBhdHJpY2sgV2lsc29uIGFycml2ZXMgYXQgdGhlIHByZW1pZXJlIG9mIE1pcmFtYXgmYXBvcztzICZxdW90O1RoZSBTd2l0Y2gmcXVvdDsgaGVsZCBhdCBBcmNsaWdodCBIb2xseXdvb2QgYXQgdGhlIENpbmVyYW1hIERvbWUgb24gQXVndXN0IDE2LCAyMDEwIGluIExvcyBBbmdlbGVzLCBDYWxpZm9ybmlhLiAgKFBob3RvIGJ5IEphc29uIE1lcnJpdHQvR2V0dHkgSW1hZ2VzKTwvcmRmOmxpPjwvcmRmOkFsdD48L2RjOmRlc2NyaXB0aW9uPgo8cGx1czpMaWNlbnNvcj48cmRmOlNlcT48cmRmOmxpIHJkZjpwYXJzZVR5cGU9J1Jlc291cmNlJz48cGx1czpMaWNlbnNvclVSTD5odHRwczovL3d3dy5nZXR0eWltYWdlcy5jb20vZGV0YWlsLzEwMzQxMTg1ND91dG1fbWVkaXVtPW9yZ2FuaWMmYW1wO3V0bV9zb3VyY2U9Z29vZ2xlJmFtcDt1dG1fY2FtcGFpZ249aXB0Y3VybDwvcGx1czpMaWNlbnNvclVSTD48L3JkZjpsaT48L3JkZjpTZXE+PC9wbHVzOkxpY2Vuc29yPgoJCTwvcmRmOkRlc2NyaXB0aW9uPgoJPC9yZGY6UkRGPgo8L3g6eG1wbWV0YT4KPD94cGFja2V0IGVuZD0idyI/Pgr/2wCEAAkGBwgHBgkIBwgKCgkLDRYPDQwMDRsUFRAWIB0iIiAdHx8kKDQsJCYxJx8fLT0tMTU3Ojo6Iys/RD84QzQ5OjcBCgoKDQwNGg8PGjclHyU3Nzc3Nzc3Nzc3Nzc3Nzc3Nzc3Nzc3Nzc3Nzc3Nzc3Nzc3Nzc3Nzc3Nzc3Nzc3Nzc3N//AABEIAL0AfgMBIgACEQEDEQH/xAAcAAABBQEBAQAAAAAAAAAAAAAGAgMEBQcBAAj/xABAEAACAQMBBAYIBAQEBwEAAAABAgMABBEFEiExQQYTIlFh8AcUMnGBkaHBQmKx0SOy4fEVJFKSJTNDU3KCogj/xAAZAQACAwEAAAAAAAAAAAAAAAABAgADBAX/xAAkEQACAgICAwACAwEAAAAAAAAAAQIRAyEEEhMxQSJRBWFxFP/aAAwDAQACEQMRAD8Ama0gbtUE3MTT3RVRzxRzqILxlRxqqt7OK2frJcd9YcM+qOjNWStLt00/T9pt2BQ1rO3ezdY3sZ3CrW7vvXpephOIl4+NRFiN1dqqj+GlPjTT7Mrk7VI5ZWpWHxAqrtome/lcfhonvEFpYu5wDihFdQSEOqyDbPaIU76shJuxJ0qJTuxZ18cUY9HXzHCtZzLee11juBjOO7dmkw6zqMJJsrp12T7JbHOjkx90JHLTNf6UMvVQpXtLQLpvdmssm1TVpVSSSaSQ9zy7YHuO1uqfpfTW+stmK6xLBnepOSB4Hj881VLDLroMcsbphfqEgjmjB76tbm2KwRXUfFDndQTca9DqWzPAcDPAnfR/pp9c0RWBydmq+jjFMeUk3oLNKnFxZRuDndUsihzodcExyW7HehxRLiuhF3FM5049ZNEWYb6bAp+Ub6b2aH0K9GaXkxRXY8qEr69mupOpRsAmr69uOtE2/vofsLY9a0r9+6s2KCStnTyNvSJUSi2tthB2jzq60a0EcJkl3DGWNVlunWTjI3Cu9L9R9S0hLaI9u4YKd/4ef2oTt6X0CpbKrpHrgubnYXfao2Nx3N4UPLPatPO7HaZmA8WzkgAd24Z8KjXdtcahfiG3ywA4DgoqZL0cu7ZI51DMSMcPCrE4wVFPWU9iYoxdF5MkYP4jneTz/avRQrGJXB2gMhSx3E4PP3imhpd3JbmKNSojYKUB45qYdH1FokMihI03Ki8uW74Cp5EvpPEyNc3jxRhomPb7OP8ASQap7uZ5R/GjUuR7Wzg8e/5UdaP0Vludg3C9heA7zmrHXeh8BtuwMOF3EDnQ8qQfDYAaC3ZnUOykAe8HOAR9K1/0d6wLvT3t5nBlTh+Yec1lpsZ4o36pMFgRw41a6Tc3FiYbqHG6QFyDwP7H70+SKnGimLcWbFpLGz1UH8Epoz4jNBUFxFe6TaX8HBt/uPMfPNGNlJ1trG/eKGCX49f0JnW+wmQb6SBTjjfXAKsK/hk8/R7VEV/8sx2jyNQpNLvraPBs5c+C5rbdhTxApJgibjGp+FHxxL/+iRitlazRAvLDIvvU0EdL7lptXxO5WOPATlyBP1NfTzWVuw3xL8q+d/TJZLadMrlUXZR2jdB4FFB+q0rxpOxll7aLXofpkSxC42cNMNrJG/HIUXtp1vMgBUZ7xVLozCO3hUcBGAKIbVsqBWDttm5Q0iDHokKyZ2QTwzjjUn/DIiMFBjOeFWEeCwFPOo2aUeiHDAkS4VRnma5cwLKjKw4ipDbhmmHbjvq1PVFbi1szjpPay6cwlQsE2wTjiPEUOevI8cmcK4O/HvH71p/SC0iv9Nljcb8bj3Vi2oRG1uZI29peBq3F+jPmW7N26CoD0RVdra2naRfDJzijzRt9hHWd+i1JpOhcTFGIDMF8RnP3rR9IUrYoCCD40cSam7KMtdUPtxrgpTDfXAKuKR+lAVVJrlo34sVKg1G3nYLG4JPKnU4v0yyWDLH3FkusX/8A0Fpbo1lqyL2HTqGYcmByv0LfKtqoJ9K1t67oAs5GQQy7XEb9sDI+9CbpWxcSbkkjOujV0J7C2kznsAGiq2kJG40C9AY5DphjbOYpmT9D96NoYzCwznBrmTjUmdfG7SLaBt4JAzx31JJ7JziokDoQMmnusjG7AwaA7Q3K27uqO7ecVImkGMA1Hd4lGZGHzqCsrL0nqnXvzWQ63DnWGDDI2uGfjitjuth/Y3g91Z1r2mOnSWEgHYlYEY760YnTM2Vdlo3X0e2tta9EtPtoMbSRAzLzDtvP60SBQBgChToDMzpeRuNnBTYGeK44/Oi2tkJdo2YMsOk2hBUUnYFOV6mEAXSYIZ7nZnPZq4ttN6jVVeJT1WONVmjWQu597bIXfuNElveJ616qBllHGsmCKcU2dznZZxm1B3raLEUN9PLUXWlQqQD/ABsb/FT+1EtVfSWBp9Il2PajIkHwO/6ZrRNXFo4+F1kTMc0izk0+yukiHbFy2M+G7P0py51ueKFjFMrPH7YCM4HhkDAq+hSOKd1ypEhL7x3096gvGMKoH4QKwSdvZ04x1oHLDpFevuudOkKbWBKmzg7geGc8+6iGKQz2frEeShGabmhZTtM+McKkaXGFsHiHjmq2rei1WlsH71tYvSscDLbQscBjknHwpu2ttXRArWSSYG9pJ2XJ+v6USQ2kbqoOcjhvqZHZd+aMdaaEkrZUWlo+yGKMm72W34qp12BHltWYHaS4UZHEZNFswWOM86GpJDLqscezkA5IFPBiSQe9EI4o53EJJUQAbznO+imgHQtTW0nuIreMFwijZB9kDOKlWfTKWaWSM2cm1H7W6uhhxvxo53JmnlYaV6hqw6WQ3kjIkTZXiMVNtukVlPcy24cCWIAsp5Zqzqymyrh0q8tyTDMlTdHsbiG8eW4wcjiDVKt3fLH1gdtjvq96PXUs8bvM2cGsWNwckkmd3lrNHFJyafwvK46q6MjgFWGCDzFUep64IXMcI2mFVydILkNllBFWyzQi6bMGP+Pzzj2SKPpBpM2k3IkaM+rF9lJcghuYHvwD8q7bXaKoO7GKtekeprqejS24Q9ZudD3Eb/3HxoIt455oAVZurB7Wzxx3VjzOKf4s3Y45Iqsqpl5NeRzTCKJAzHPOpemIRBJux2c4obt5IS5hhlSOVfwlsMvzqba3WrWiOEjW6VuDRsAR4EE0kWM/6LSR5YoJJEKgJwUjjXINXJzG67Mg5ftUCGOcqJtRuEU+11QYBVPieZpmS5srmXqYpY3mUZ7DZI9+KGR/UCOlsn3l3tqapdOtmvtZSJXZWkY4YHeMA0/cI0YAZuJ3Z7sUrok230htiN4BP8pqzjvtNWU8l1F0Xlh0dubC/kuI5NoOoBBHOn9L027tZbySYK3WsSuBwFE9ert9jhWwI0i01LT7i4doFbrXZhg0q80bULuRrm0XqZ3I2m71xw+dGuB3U9CQBwFLJ6GTINvZ9doyoqjaK1GjSbTNPcSDDHPCrzS12bKMflFV3SfPqox31ilFKPb6kdfFmc83ifpsFjl2yTkk0W6XpMC2yl0DMRvJoVgGZkH5hR7bDEKDwqjixTts2fymWUIxjF0CuuaettOphXsseAFD+qWLaFqkcgX/ACV4MqeSNzHnkfA1pckcbntgH30LekSOOTREjGNtJldfkR96fJgTUmYo82U1CD+Adq2m216ySNGoliO0jEcD3e6n7aLTZQevs2V8HdFMwH6imtLuRcwqkntp2Wz9KmGy2zjO/kRWNNrTNSSZ6dbYbK2thEp3b5TtkfD+tJsLCCziZYl7TnadyN7Hxp9LAxgZc5r11MltFjmBUk7VEpR2il1ifG2F5DZz4nj9KV0ejktprSYbnkuEP/qWA/Q1CH/EL4Qr/wAtO1IRRLpVuJtUs4wNwlU48Ac/anw/jJIqy/lFsIG1qK3146Nfp1E8o27WQnsXC8wDyYcxVrWXem66ZNT0dYWKyRLLIGU4KnaXB+hqV0L9I8NxGll0ikEVwNy3RGFf/wAu4+PCu3Rw60aPS46bjdZEV42DowyrKcginEpWBDfR+7e5t8MMbO6n9Ztjc2bKOON1Jub3S9EiMl5d29qn53AoO1v0s6LaBo9OhmvpO/GwnzO/6VnjBuNM3TzLzeSCo92opN4wynhRJF0k0+2tA95cxwhRvMjAViGu9O9W1WZnRo7RDwWBcH5nfQxPdSTyF55Hkfvc5NJh48oN70bOXzMWeKXXZtNz09Gp69baX0ebrpp5AgkZTsIOJbxwAT8KR041XN/a2asWDPjJ8FJz576o/QxpKBb/AKQXIP8ACzbW+eRIy5+WyPnTWo7d70jll4xwEonvO8n9B8KnIkscP9KMCeWa/ockV4XFxAO1jtL/AKh+9WWna4hXewyO/iKbiQOmDVdd6Nb3MhMisrd6HGa5+n7N1Uy7udejVCDIu7xoeu9Rm1GYRWyk5505FoFku4CfPiatrDT4rcHq0A7yeJqWl6A1ZzTbJbO32Bvc73bvNE/Q+Drb6a4I7MCYB/Mf6frVFO6wRk0a6FaGw0SFHGJpv4knvP7cPhV3Fj2yWUcuXTH/AKYz6Xro3HTBoww2YLdEx4klj/MKCwSOdW3TC8XUOlWq3AOVa4ZF9y9kfy1T7uX2rr3s5daLPTte1XSGDaffTwj/AEK+V/2ndRppPpW1KCPZv7OC7ONzqerPxxkfpWcHBGOdJVyo3efOKlk6km5u5rqQyTyvLIeLOxYn4mo7NypG1gZrhO6lsahZO7dTJbfXQ3YqfoGn/wCK65YWB3rPOqufyZy3/wA5oENz6O6adJ6E6TYbOzLJEJZRz2n7R+XCqKO2AnlOzvLscY8TRpc39vfSSwxQzRPbDBEiYBHDK7/d86H9Ut2t9ROz7Lqrr8Rv+uaw82LcUzdwpU2isKmJweRp0pk5FSjGskZDce+vRW7GLxrA2byOAedPpgDIpuSKRRv4d9OQxSSJ1cSlpXOyoHfS7Dr2K0W0Ora3FEVzDEesk7sDgPnijTWbtbLTb69f2LaB3/2gmofRi1h0yF4Tlp5N7Sgdlj3A88fvVP6Vb71HoPeKDh7plgHjtHJ+gNdfi4njjv2cflZPJPXo+f8ALOSzHaY7ye8+f1r2Rnzvr3LJ8+fvSSfPnzurTZSdeRUGWwB40mNssWK7IPI0hEydtyWI4dw40qXJO7zxqWQTnfivcRmm0OSacx2aUJ4/1qVpeozaPqVvqVtjrbRxIobgccj4EbvjUbmKmaPZnUdUsrPGRcTojD8u0M/TNQh9FWo9ZaK7SNo47qDJRuKFgDg/IUvWtLlvLe3ltlBljXBXOMirQwBUREwMLgfCkPd3CNiOyaQKMZEqj9aE4rJGmGE3CVoEVjIYq6kMDggjeDTrblwvGrzVLX1tOvW3eK4Ub+BD+G7nQ8rqTnhXKzYnjlR1cOZZI39ESKWXGfGp2giNdRjSUgbQKqT3nzj41DLKBxzU/RLH1+52mH8KI5c955ChhT7qg5mvG7CmWDaUBd2zvHhWRemzVhc/4VYR5AG3NIviDsKfj261i5ke2s7g7RY7J2M9/dXz/wCku4E3S+6jU9m1jjgU+AXa/Vm+VdhejjAqx5fM+fO6uHuxv8+fnXvHHw8+d1c+vnz86gTwGOHPz599cOAwHh5/Q17I3ljuHPz54UnBIzjBPL5/0qBG4+FL5D300nOnM8PPOgQVzHuoz9E1j6700tWZcrbRvMffgKP5qCx7Vat6CbTavNUvSPZRIl+pP2qENgkG9cd9K2A3a5865J+H30lnMZzy50oovqiSO6gvpFD6lqsgQn+OodR78g/UE/GjhJFIzQl03wL6xlGcGOQZA5gr+9Z88V0bNHGk1kop7WJrq9S3hwTKcZP1P61oNlaxWVqlvAuFUfEnvNC3QO0Lm4vpBk7Wwh/X7UTahcNEqpDgzybkB4DvY+A/pU4+Olf7DycjlLr+iHqUplcWycEIklbu35VfeSM+4eNfNOuXnr+sX10GDCe4kdT+UscfTA+FfQPSif8AwborqN0pJlSB2DMd7SEYBJ95FfOAwB7t3nzzNa/hnR493nz+9JPnz55V3ic/Xz53ivc8ndj6eftUIIbkvxPnzwpSnGPPdSF3gtjjw8OI/auMezu88aARrhSyd3nvpocaUTuoEHU9pq3L0I23VdGprj/v3Tn4ABfsawxPxV9FeiuBYOhWmlP+orOfeWJ+9H4BhbKd6476W6hxSXrqMQaQAwgaNivLlVV0rtmudM20XMkDh1AHHO4/rn4UQFA2+klBtCpJKSpjRl1dkCwjTRtJt7fG3LshQgO934n776dgiYFpJW25X9pvsPAU3bf5iR7p/aJKIP8AQoOMfHGT/SpQ3CjXXSBd7M/9NN76v0WjtV43dyiY/KuXP1VfnWHMd3nz/etN9OVw76vpdqf+XHbvJx4l2wfon1rMeLeP9v3+lOvRD2cDz5/tTbngnfx93Pz76U55+fO6mVOWc92V+Wf70GEdBwPPhXE3nBpLHj8fvSdogn31CH//2Q=='),
(8, 'Vera Farmiga', 'Actor', 'data:image/jpeg;base64,/9j/4AAQSkZJRgABAQAAAQABAAD/4QF4RXhpZgAASUkqAAgAAAAFAA4BAgAFAQAASgAAAJiCAgARAAAATwEAABIBAwABAAAAAQAAABoBBQABAAAAYAEAABsBBQABAAAAaAEAAAAAAABCRVZFUkxZIEhJTExTLCBDQSAtIE9DVE9CRVIgMDE6ICBBY3RyZXNzIFZlcmEgRmFybWlnYSBhdHRlbmRzIHRoZSBQcmVtaWVyZSBvZiBXYXJuZXIgQnJvcy4gUGljdHVyZXMgYW5kIFZpbGxhZ2UgUm9hZHNob3cgUGljdHVyZXMnICJUaGUgSnVkZ2UiIGF0IEFNUEFTIFNhbXVlbCBHb2xkd3luIFRoZWF0ZXIgb24gT2N0b2JlciAxLCAyMDE0IGluIEJldmVybHkgSGlsbHMsIENhbGlmb3JuaWEuICAoUGhvdG8gYnkgS2V2aW4gV2ludGVyL0dldHR5IEltYWdlcykyMDE0IEdldHR5IEltYWdlcywBAAABAAAALAEAAAEAAAD/7QFeUGhvdG9zaG9wIDMuMAA4QklNBAQAAAAAAUIcAlAADEtldmluIFdpbnRlchwCeAEFQkVWRVJMWSBISUxMUywgQ0EgLSBPQ1RPQkVSIDAxOiAgQWN0cmVzcyBWZXJhIEZhcm1pZ2EgYXR0ZW5kcyB0aGUgUHJlbWllcmUgb2YgV2FybmVyIEJyb3MuIFBpY3R1cmVzIGFuZCBWaWxsYWdlIFJvYWRzaG93IFBpY3R1cmVzJyAiVGhlIEp1ZGdlIiBhdCBBTVBBUyBTYW11ZWwgR29sZHd5biBUaGVhdGVyIG9uIE9jdG9iZXIgMSwgMjAxNCBpbiBCZXZlcmx5IEhpbGxzLCBDYWxpZm9ybmlhLiAgKFBob3RvIGJ5IEtldmluIFdpbnRlci9HZXR0eSBJbWFnZXMpHAJ0ABEyMDE0IEdldHR5IEltYWdlcxwCbgAMR2V0dHkgSW1hZ2Vz/+EGK2h0dHA6Ly9ucy5hZG9iZS5jb20veGFwLzEuMC8APD94cGFja2V0IGJlZ2luPSLvu78iIGlkPSJXNU0wTXBDZWhpSHpyZVN6TlRjemtjOWQiPz4KPHg6eG1wbWV0YSB4bWxuczp4PSJhZG9iZTpuczptZXRhLyI+Cgk8cmRmOlJERiB4bWxuczpyZGY9Imh0dHA6Ly93d3cudzMub3JnLzE5OTkvMDIvMjItcmRmLXN5bnRheC1ucyMiPgoJCTxyZGY6RGVzY3JpcHRpb24gcmRmOmFib3V0PSIiIHhtbG5zOnBob3Rvc2hvcD0iaHR0cDovL25zLmFkb2JlLmNvbS9waG90b3Nob3AvMS4wLyIgeG1sbnM6SXB0YzR4bXBDb3JlPSJodHRwOi8vaXB0Yy5vcmcvc3RkL0lwdGM0eG1wQ29yZS8xLjAveG1sbnMvIiAgIHhtbG5zOkdldHR5SW1hZ2VzR0lGVD0iaHR0cDovL3htcC5nZXR0eWltYWdlcy5jb20vZ2lmdC8xLjAvIiB4bWxuczpkYz0iaHR0cDovL3B1cmwub3JnL2RjL2VsZW1lbnRzLzEuMS8iIHhtbG5zOnBsdXM9Imh0dHA6Ly9ucy51c2VwbHVzLm9yZy9sZGYveG1wLzEuMC8iICB4bWxuczppcHRjRXh0PSJodHRwOi8vaXB0Yy5vcmcvc3RkL0lwdGM0eG1wRXh0LzIwMDgtMDItMjkvIiB4bWxuczp4bXBSaWdodHM9Imh0dHA6Ly9ucy5hZG9iZS5jb20veGFwLzEuMC9yaWdodHMvIiBkYzpSaWdodHM9IjIwMTQgR2V0dHkgSW1hZ2VzIiBwaG90b3Nob3A6Q3JlZGl0PSJHZXR0eSBJbWFnZXMiIEdldHR5SW1hZ2VzR0lGVDpBc3NldElEPSI0NTY1MDEzMTAiIHhtcFJpZ2h0czpXZWJTdGF0ZW1lbnQ9Imh0dHBzOi8vd3d3LmdldHR5aW1hZ2VzLmNvbS9ldWxhP3V0bV9tZWRpdW09b3JnYW5pYyZhbXA7dXRtX3NvdXJjZT1nb29nbGUmYW1wO3V0bV9jYW1wYWlnbj1pcHRjdXJsIiA+CjxkYzpjcmVhdG9yPjxyZGY6U2VxPjxyZGY6bGk+S2V2aW4gV2ludGVyPC9yZGY6bGk+PC9yZGY6U2VxPjwvZGM6Y3JlYXRvcj48ZGM6ZGVzY3JpcHRpb24+PHJkZjpBbHQ+PHJkZjpsaSB4bWw6bGFuZz0ieC1kZWZhdWx0Ij5CRVZFUkxZIEhJTExTLCBDQSAtIE9DVE9CRVIgMDE6ICBBY3RyZXNzIFZlcmEgRmFybWlnYSBhdHRlbmRzIHRoZSBQcmVtaWVyZSBvZiBXYXJuZXIgQnJvcy4gUGljdHVyZXMgYW5kIFZpbGxhZ2UgUm9hZHNob3cgUGljdHVyZXMmYXBvczsgJnF1b3Q7VGhlIEp1ZGdlJnF1b3Q7IGF0IEFNUEFTIFNhbXVlbCBHb2xkd3luIFRoZWF0ZXIgb24gT2N0b2JlciAxLCAyMDE0IGluIEJldmVybHkgSGlsbHMsIENhbGlmb3JuaWEuICAoUGhvdG8gYnkgS2V2aW4gV2ludGVyL0dldHR5IEltYWdlcyk8L3JkZjpsaT48L3JkZjpBbHQ+PC9kYzpkZXNjcmlwdGlvbj4KPHBsdXM6TGljZW5zb3I+PHJkZjpTZXE+PHJkZjpsaSByZGY6cGFyc2VUeXBlPSdSZXNvdXJjZSc+PHBsdXM6TGljZW5zb3JVUkw+aHR0cHM6Ly93d3cuZ2V0dHlpbWFnZXMuY29tL2RldGFpbC80NTY1MDEzMTA/dXRtX21lZGl1bT1vcmdhbmljJmFtcDt1dG1fc291cmNlPWdvb2dsZSZhbXA7dXRtX2NhbXBhaWduPWlwdGN1cmw8L3BsdXM6TGljZW5zb3JVUkw+PC9yZGY6bGk+PC9yZGY6U2VxPjwvcGx1czpMaWNlbnNvcj4KCQk8L3JkZjpEZXNjcmlwdGlvbj4KCTwvcmRmOlJERj4KPC94OnhtcG1ldGE+Cjw/eHBhY2tldCBlbmQ9InciPz4K/9sAhAAJBgcIBwYJCAcICgoJCw0WDw0MDA0bFBUQFiAdIiIgHR8fJCg0LCQmMScfHy09LTE1Nzo6OiMrP0Q/OEM0OTo3AQoKCg0MDRoPDxo3JR8lNzc3Nzc3Nzc3Nzc3Nzc3Nzc3Nzc3Nzc3Nzc3Nzc3Nzc3Nzc3Nzc3Nzc3Nzc3Nzc3Nzf/wAARCAC9AH4DASIAAhEBAxEB/8QAHAAAAgMBAQEBAAAAAAAAAAAABAUDBgcCAQAI/8QAOhAAAgEDAgMGBAUDBAEFAAAAAQIDAAQRBSESMUEGEyJRYXEygZGhFCOx0fAVUsEHM0Lh8RYkQ4Ki/8QAGAEAAwEBAAAAAAAAAAAAAAAAAQIDAAT/xAAhEQACAgIDAQEBAQEAAAAAAAAAAQIRITEDEkFhURMyBP/aAAwDAQACEQMRAD8Add3XojooR10I6idIJ3ded3Rvd16IqxgLuq+7r0oxkCqSdlAySdhVX1rtbbWhMNkvfy8uIbKPn1+VYw87r0rkxgc2A+dZXqHaXUZ2Yz3rLv8ABGSP0pPJrVzk8M8+fMyGjQvY2djGpwXGfLNfKoO3WsVbULiZuKZmbyLHl86uXZ3tgkESQ6gCVB8MgG+K1GUi7mKuWjr3T9Rs9Rj4raVWHX0oxoqAwvaOomj9KYmL0qJoqxhc8dCyJvTWSKg5Y96wS1Ba6CV4rCpFNYU+CUv1rV7HRoO8vJgrMCUjHxN8vL1qPtP2gtuz2nG5mw8z+GCHO7t+w6msda7uta1aS61CRpJGPiI2A8lHkKxixaz2putX441JigHwxqOfv5n1O3pVeuWkEJc/lJ5+dMLVoAT3aCREO5B+I+np/PdfqUU97IWkzjfCgbKKIBBPJxNhN/Wo1LKc5z60dJaiMEn79aDk+LI5UUxWiaKQ52QFj57V4zud8jHryqBO8JIXn78qZx6TeCESdyQpGQzDn6is2kFRbJdEvZ7acS28nA68iOR9COtar2X7QxavEIZsJdIPEvn6j0/SspgtniYmQn2oqyuZ7C9iuLcnvEOV2zn0NbZlaNsaKomiqHs/q0Os6ek8PPkyk5KnyNMXj2oDi2SPnQUse/Km8iULJHvQMFqTUhkCDLHA8zWOwf6ka1H8ccL/AP1xUmrdvdR1CwktO5jj7wcLupOw8hWpo2ADtTq763rs94zt3CHggX+1By+Z5/OlEUzyv3cZIU88b59KhLkpw5wvtRdkViOF+I7Z8qIpatOtUgtlzwjbxHp7VKwWUNGrKF5sWGP5/PSq/cak4Tuo3OP1qfTZDMwDBpDn4QNv59PehZqJ9Rs0jGw4iw5kUjksnkmKKPF+lW2WLFsJGdmkPLDcvTP7U07J9k5dUmMlypjs1PiYDBf0X9/+6VyopGFgfYLsYt841C9jzZxt+VGf/mYdT6Vod5psM6cLRLnG23KnQiht4UhgRY40UKqryAHShnxk4NQbbdnQkkqM57RdnjGzSQR48iOtUS8BhkKOCMdPKt4uYVkQ5Gaynt9pQt5vxCDAJ3xVIS8JckfSDsb2gOm6svG35MxCS+Wejfz1rYBIJEDDkRX5vEnC32rYuwet/wBR0ZEmfM0J4Gydz61Yii0vvULJUo8XKuuCgE/OMBc4655VK6hVAYni8h0qa3TjnUKuODZf3riS3PCsjMoJJ2JzWbyBLBEACRuPl0qZVwx4Duep3xXMKFgWkICCp0OXUK6xg7Dqzf5+lBvxBSOobUs2cOw6k0+0a2mmcR29u87YxwoCQPpTrQ9Ls7SCK4vbd7m4cfl25PGT6n0qyHtHJpqcEekMiDkqqVH6VJyZeMFWSTROyUkzLNquAOkS+XkfL5VdkRYUEcaBVAwAByqsaN2sivpBHJC0EmPhblViF1lDIB1pbHr8OpEJUk0JImDSPW+0t1aTd3bRq+3lmlNtr2o3cnDNPbwZ6Eb0GEtj54TVM7bwLPpMxAHEozTZr++tIy0/Bcw9WjGGUe3WlWtMLvTpghyrRtj6Voiz0Y3LvnFG6Ze3MAkW2meKQ7gqedCTAgsD0NfWuUuArAqc4IO2K6/Dj9HUPajXIfhvnOPOjI+3evxjBnVvcVW7xO7mJ5Bt/n1qAn1opJmcmWGCIW9yNy4xxCi9c01IJW7kcSOquDnPNQf3qCe7Xvm4IySx8K8zjoP0qfTmN5dQW8jcLycUfiPXHh5+uK53+lhJdflSdyOSjcjqasdjpy2DQrJEoMuJEfG7DOKg1TR5GkDIhLPxYx1K/EPoQfnU99fsbbSDIMGFe6O3QH/sVlPw3X0s098+j2ZuYYWkdx4mC5xgbD2pRFquo3jCWaaMGTHhxkpueYyOWPM86uuiBJIVWRQysuNxR/8A6esOLjEKL8hQi0nlFZRk1SdFOtO/eSILMsrFQwMYJ4T5HPI1fLCVn0fvCPEOdDyWMFvA8kKcIVefLNGafFw6V3Z3DLvQlTDG1spOoy3EYkkcEK7ZBAPL3qvX4mV3WKaGVTn8wISNh5k53/etOt7MyQm3kUFVO3nXn9BtHOWUZ9QKaLSFkm8Ge6BNqzyPCVkaAHZ8kqfbO49qss8LRwlZBgsOVWRbOK1XEagCkeuSAMuOZNI8spWCj9k9NaDtPLI1mtx3SSMquNgRjByeXWgP9RrR4u0rNIUMz26vIY1wM5YcvkK1Ps7psHdT3UjAO2OZ+FSf84rPu2sP4nW5XLcSqTApz0XY5+eaaDbnZKaSgU2VO9iGRnqK90/Sp9SkaO1jLMq8R9qZXNmbVgh3OM/erF/p2oj1G9yNjECPrVlIj1sE0L8PZwy3NxMqsd1BGfmfP2pfZp/UtSllVHYrkjgOMep2pTLxzN+ZLjHQ9Ke9nb63spQIInuZsYUN4VU+ZP3qNVkoGxXV1FIwnjcMzrIoHxBlz4sexIPvmk/aS8e8l43jWOTmypsAfPHTNWnS4LSeaZ7u4V75/hPDlVPoAd/vVZ1+GOC9Nvks5bLE8yaVPIaL92WvO9srd/NAauFswkAGdqzfsjcZ023kHw+JD8mIFX3TnLIADvijJZLwdxCda4Etu7U5dtgK+05ZG09TvuM5qC8R3VcPwsM746HnUcF5qUFt+EihMgHhWRcYI9d9qAHsMtpcTcEmxzjIpg6grxAgjzFIba3uYiJLq54yz8TKBsD0A/f9KNN0UzjZT9qwaPL18A1Vb+TvLpV/tOTTjUL0AHiNVq9n7mzu7x8jhjZh6YFFAm6RZZ5k07S5ZZhwGBBl/IAdPrWXac4uIZu9YsxYyEncknnn686XXfaPV9UhEF7fPLEuBwhQvFjzwN67s5GgkJXkdiKNdSTkpDO6gM8cU3NscLY6/wA3pn2Mwt5cAdI8Z896XabJm3mQHJALr771P2UnS3uZzM4TiXbi9xTQYGiqXcwYHg5E48qNsFit7bjlc8R5RrsW9zS1Rl8KOI8R59cUw02zju5s3M3dqPT9T0FGS8EWchVvqFzBtYyRwyYOZmOMH/FKrm5Jd1SQyyyHMlw4xxew6D+YFMbm0jMhS145gObcOAKV3tm8e43brQi4hkpFp/0+vEliuLJzujh1Hof+xWh6eZIRlfEE5j0rEtHupbDVIZ05rs4/uB5itjsL3gCyf8TsfSjyLNh4pVgYXWqQxyhCwLHfhzvXkeqwLnjEig8jw86jubKG6jIkRcndCRypc9rbwjglh8XQqTuPlU0kdMaexl/WLUrlyyeriuBfG8BjtRxKw+MggfLzqC1sYZWzHAkaZ6rv96ZSIlugfYBRt6mg6M68ALu0VXVGbixuTVU7cXyQaS9upAec8A8sdftT/Ub0W9tJdXMgSNRkn0rKNa1GTV70zP8AANkX+0fvTQjbsjySxRBE6qOGMcR6n9qOQOWTvOFI/TmaCtFVWBZcirAt3bz2RtjEy43V0A+9GbyJFYOrA93HxDn0pRqjFGCoTgHpRyu0EZUnPpS69bjUE+dCGx2sHdhbd/KwzwRhjkncgZ5e9Wm5TT7LTAsVvmdhkZ3YDoSfM/b51X4XW1haXGQoLe5NQWt7NKZBO6/m7Dj5Z9+YrO5tvwRVBJejK3aaWzWZZWaNsh0RgO7b2G9K7oSd4QJDgZG9Hx2KQYa4hlz/AGpMB9sE0q1q4C4jgTgV88W+T7ZoLMqQzdRti55MSk5JINbNc28wt1ntUMiyL+ZGOecfEP2rHtL0+41CcLChKAjjfoord9Jw0EXF8JUGq8rSpE+FN22eaRdxX1nGc+NRgj1FOYbWPZiAaTaxpstuWv8ATVXvecsfISevo3r16+YVDtjbW/gvlnt5BzWSJh9+R+RqWzoLbLDEucfaq92g1GC1T82QJGvidiegpTdds/xf5OlW1xdyHYCOMgfNjsKg07RbjUr/APF68VkKeJLZTmNPLP8AcftWr9A34gVrO47TKbq8WSDSk3ijPhac9GPkv61TbizAnmEPhiWVgi/atd1RsWjhRgcPKsTuL65gnkQEeGRunXJp4W9EuSlsMa2wyjkeWakgkZXUDbLYNKG1G6bm/wBBRlhK0ndlzk8dNKLSBCSbwH3APKhLkeAe9E3L4NCXDZQe9TjstLQZZlbzS95O7KnhZice1HaZNotqoa5kaVueYsE59/8AugtOtY+9MMA8DKGYnfi+VM0t7NJeEiPjXbh22p3HZBSboX399PcFhY28iQjcO/UU57Idl7PXbBb64LTyBirIx2QjpgemD86JtltyAo4eVdaBqUfZXXy8m2lX4CyjpDJ0b0Hn/wBUKxUdje3LKLLJosNjZ8EMSoiqdlGBR+jki2VT0GN6I1Kb8SnBHuG8utR2CcB4fLzqCOhjdTxRYB+RoDuouJg6gb9dqOh5YFcSYG5UEetMABlEcaHGeHyziotPiZg8mAqnkaJlEZH+2oNTMOCAD0rGoUarjuyi+RrK+1Olmw1R+KImOZ+8Qjrnn98/atXuE4pd+oxUdzpNvqUHc3USuBuM9D6UYz6sScOyMTZF4UKwdce9S2QwybY8dM7qCJb+6htuOS3t5yiyDfOOdCRIonUKf+dWbdEYf6PbrOd6gn+Ae9F3K7mh5x4B70kS8hvAfweoLKwC23EyKx5cPT75+tE3nA0trfII0aRgChO+4zk+W23+aYavZJBpix4ycqAccjnn+tJZVeK3STdTNE3HgZz1Hzxzqiyc2sDCwtjfvM8TqAG8CrzH7ihppeOJ4JkM6MSpVeeAefl9+lNRa9xO725crOnDKM75xs316UJNa8NtaQePiYAyQqOnXkD/AJrKmM7ol0LtDcdn1/DTRve2A2Rh/uwDyx1X+elXDS9d0vUpFNjeRsxG6E8Lj3U70nl0iGQZ4FYdKWXHZqzmPjiyfMbH+fvSNJ7KRclo0qKXmo542rjvW4uFhz61l3BrOkNPJYancxwxKGAlIkDeYAPKmtt2o7QRD/3Frp9yMZDAtGT+opf5/R1yLTRf0iDuCeQr65bidUAwKpp7basF4RoNv7i95/8A5oaTtdrzMxi0qyifGAXlZwPkAP1rdGbvEtk4JmXA60i7Va+lur6fpUge+dcSOu4twerevkKqWpanqt8XGp38ygbtBB+UuPPbcj3NfW0Zt4hFBAqpjkBR6VsVyb0cI1vYW726x4aJcqCf9weYP61HNZC4jSUcMcmzZXf5V1qNnNJA1wcB412Hn6VFaIZdPC98ySK/AvnyyNvan+kvaB57ScDmH9RsaAuDhQDsc8jT61aI2+bmQpIrcDZGMGiGsYnPiAPvQpDdnR9eT/ikEby8T+N1Xf33HTGNqguYw8oaU8cav489MkZxRc+ianKHf8HKZndVYCM53GwHqcg+wqG8s9WSVjf2UiEjhUSg8TEYGfLNPgRxktosPc5wc/P+fzauFjCTrNvkLw+gGagD3mn6ZEstlOXUEZMZG303xmuZLqK8c2vDkSxFx5jnzBGx/akqh7/QxNQEUrIwKqqcfH09RU8l1Cvdhs/mHCEKSCf/ABVWFxdSBFUNxgSLx4DFsf8AH96I72W9ktXt24Y0HQZ4DjB3x60aApFgnAdWGxBG9LGgjtLdQ7MUXwgkZPpy+lTaWrW1lHG+zDn6ZNcas8ZsyJFbGx4k/wCJGMGl+D/TtIAMcvnXc3AnAMYLHA2POl9peCKGMEDvZ5GcjGyDmc/L9aG1WSRHjLAjPEwDMOEHf74I29DzzsUsgcsHGvGI8EeVOCSwGzDb9DXVjdRRwsboD82UrnfAGAD9KC7qN0jMQUMfCOPfvOhbHTr/AOaIvrpYLVtP7njMaHD+RJGTjp8qf4Jb2e2s0l2sdtFjukOS+DuAdh6H3qK/Xu72B02kx4mxkDOynH1qWC5/CWa90eOWdy2WO5HTz3oaWUm878pkrugHTHmfbPzoVk14IG7yR5JeAyTJ+ZKpUHcHB9himF/dMUhNkSXZeIjG2NvT+b17oyF7m4YAiMggDi5EnOMe1Mk06IOrHHCoYBSOWSD9Nj9aDasFOiz3GozS2dudWlUtw8E3dAkxMScsw4dsbA4zy9KNli1L+r/1R3trnvLcpYGDdS5XIG/pxHIyKW6pcpb2R7y3WVriXaTiKupIbckHfr9ccqVXMnHDBe2TS2jQRpFEiSZWMjwll8s9f1o0dXdLL0WEXRisJsz3QQWgllWYBFkzgnuzjCkEnpv05Zpfcfh7aea1F/KvewJPFLc4l4SPFwHOck56HHvUVzrsrRXTRWtujwoiI7LxlWGW4hnzxypDrV/c38Md7cuDIfCQqhRheWB0rJB5eWMX9JdWhtJ7r8fYSJPFIgE0MUXdmNjkEY54/nXdzZaRLLbRvGVjVlPhZCOHAJA5dV3ptpTwXFjPdW1nBbPNZq0iouVJOeXlz+wrpppLS6ubQsZEiYFiSQXXhI4ee24z9qDCuKNtsrsXdrMBdLKIzswTAZfrt9cVLrHZf8Lo9x3N+3DHmSPjweMZ5ZGPMbUJcXUk7yzSkuzEsSxyTVkn05P6PEvfTvGkHfpHIVZRsTgjAzz+XSlQFGLbiyhPaSGS68RZjHz4cZP7UNex3JSBJJEIiTovI+Rzz+1aLPbWlp2f757ZZgh2ycOSTgni+f2qrqsDLeXE0CSstseANyVmZVDe4yaayT4mvRFNYXSxo8dpOUkTvM8BOd98Y6cq7vbXu41lvO+kkfh7x2GDGPRdvvVo0XWb+9tJFnn4yCGBI6DbG2Pf5VM9w+o6np+nSgdxE3E4bfvcAnB+Qx/MVrG/lFrBT9Ub8TKHijVGfMZYvxBsAYOfPBG9Aq62iyRTAouMxnO5ORvtnY8IrQojFcWeZ7S2eB53jSLu/gI2BB+XL1pbfafBw3YmgtpVhVCo7ooRuB/xI6f4oqSBL/mljIl7Pz5lljBUhxxrg8sU8xnbB+VKri2jtZpLq0BiDlRwZzgHHXn1r2zuZuKeEvlo3I42Gcj2pWryiTTg+rP/2Q=='),
(9, 'Andrew Garfield', 'Actor', 'data:image/jpeg;base64,/9j/4AAQSkZJRgABAQAAAQABAAD/2wCEAAkGBwgHBgkIBwgKCgkLDRYPDQwMDRsUFRAWIB0iIiAdHx8kKDQsJCYxJx8fLT0tMTU3Ojo6Iys/RD84QzQ5OjcBCgoKDQwNGg8PGjclHyU3Nzc3Nzc3Nzc3Nzc3Nzc3Nzc3Nzc3Nzc3Nzc3Nzc3Nzc3Nzc3Nzc3Nzc3Nzc3Nzc3N//AABEIAFoAWgMBIgACEQEDEQH/xAAbAAACAwEBAQAAAAAAAAAAAAAEBQMGBwIBAP/EADkQAAIBAwMCBAMFBQkBAAAAAAECAwAEEQUSITFBBhNRYSJxgRSRobHRIzJSweEVNDVCYnOC4vAH/8QAGQEAAwEBAQAAAAAAAAAAAAAAAgMEAQAF/8QAIBEAAgICAgMBAQAAAAAAAAAAAAECEQMhEjEEIlEyQf/aAAwDAQACEQMRAD8AyRXaNmVFwSOeK9mut7DcuZD0PTHao4sjKux2k5Ugcg1xGDPd/EeRx60lI5IlmcvMcHiiUieTHmL0x0PUUxtdAmu9rR5yfUVZNM8Iz4BndVHp1zWOaRTHFJlRS3WI4PUjnIppZaPNdIpC/CT91XuPwxYDa0kZZwMZow2kUCBIkVVHtSnl+D4+P9Mx1LSJreENMhKg9O1KdiqpLxIno0fb51quqwq9m6MBgjqRWZ6jELVnwFyaZjlYnLDiwAztCTgA44wRwaIN3IkGUCKjPt/Z8nHfilrNk4xjjpTfdvsYZdiyxqQCqfCRhQCM/QVs0tE0jl7eNHdZV8zAPQ4OO1SrcSBQPMk6fwn9a9jEM1p5pAGW4jjOTwepPWoDbzE58qM57+YP1pS32ABXD4UrMrDup9DUWnybbjf1ya9vXZsZlyufhU9aH3bCCBiqIrQcTVPDrLLZwuvYYNWyzKlQTWeeCr4LaYmdVTdjJ+lXe01LT2cL9tiznoHFSyTs9TFJcUOVIK5AqCXBPSvprqCGITOcp69vSqzqHiS/uLgx6fZKkfI82VsfWsUWwpTURpeqHOzOOO1Zd4tspra6MmP2ZPBHT5VbSZrmXb/ayG5JzsjbgGpNdsXk0yVbgAvtySB196ZD1ZPk90ZYMsRgEk9vWmenuY1VWUqytyGBGPf1zT/wHoUs+siZWULEGwSuSePu70X4vsDJf2oEYDywsJS3RSp6n8vpR5JLolljfDkV0RLE7KQWUt8RTHPP418bqwBI8ibj1b/rRaySaY1umYni2qVaNc7vX86j8i5f4wDhueDSlvsTQguF3AspyVPauBGrfEX4x88UVMmHWTAKt0NCODG4BGFYD4fUVTF2aWDw5BtuJo7sMUg5dY26/LFWOCyS5nhFtpxjjYBvMWYkqPcZ6+1LfB12JL6NpFAcR+Q5HcD90n3wCPpWlWsUNvB+xjUN7DpSZypluKHJAWioRp09rMdxTjk528dM16mnW93tEirjYVIYAqc9eo61NpMW66ulDruBAIJri0uI49QEKyLIu7BUHkUrdlNKgix8N2Noq+Wi7VO4DOefX8Kg12ICHB5HSnhRdhApDrb/AAha7tmSSSFngu3jht53Knd5jAfTjP8A71pd4zu1S/SMuqOYc7yff09OM/Wi7HXbHQxMl+8iGVsx4QsG9uOlUfWL577Uri6njCmRjsDHlV7CjavsjyzSx8Se2ieeTcm148jOWGCe+CP60eWeMlAyYXj94/rSG1uJk3KASoBPBOBzzmpRqU6jaFjIHAJAJP4UMscm9EtgSRMy842jliTQlxgMozuwe3ap44WZWC7lIG7BauJov3C+epyPSqIvZwTol6bS8VnfbGw25xx16/Q1ruh3ont1dyPesScqvAIZQcfKrx4C1hdhs5Hzzxk9jQZY2rRV4+Ti6LY9t9p1B57d2tyeCytjd6cdKLhjhtQPMnSOQZ/ebn50vv7Fbi8GJZdmBlVYj8qmttNhEiqLZ2I/zOeKWqotSXbG1terO+yKQS4/hGR99L9ZHJ9jTFIvsyjZgfzpPrd2CPLiG6VzgAVi7AnpFM8agFodpxhwpOOmQf0qu7FG4RocjJxn8vWrh4jsnh0cyOS0pkDsQM9eMfjVNWcJllYD2waan/Dz8y9juB4X2pJG4Y8fDxz71NkLwr8Dgc0Cssm8yMUZiw4HX5iixcLgfAn1rZISyOOQBm+JQSDhm54rmRyjMcl0JycLx9K9CR8lkIK55z1ryLanlHDHLd+a4IDuSockKME9xU0M0sEizQHY8YyuD3o9vsskDMQN7EjGMEEe1CxxvLOUj2gkHG4dsdaJS0aX7RvEG+KB7tdjyIMMeh9vnVjj1q1jjDOyE9yTVJ8ECHUNNmsLkKzROcZ7A85/OrLo+kaes5WWBS6nHx8/nSnFJl0JycU0dXWrTXpMdghc/wAXRV+tS6XpTCbzZiXcDG79KsT2sUcQKjjGBxXFvHgHHSuNpt7EOvWqS2jRMpZD1ArN9c0r7FqHkyLlX2sknK5UgEE+nB++temtWuJljRclmAFU/wD+i26DXPLj6RxKn3Z/lR41YjyEtFDlhK5EsaqSMFsccdx6Gg9sg6LJj2JpldWs7MCXZlHYnpXatcBQPsQOB1yaZTRLQKU+EmVX5Iyp5Pua+K+VIvkyFoxyG2n4ajmY7VOTn50ZbE+WnPcfnS26RpHgq5ZwMLnDHHOaElLh2CjBJ+HHr6Uz1QbbhwvA3HpQluBljjoxrYb2ci5+BbHydKurxF/axSxbyO6ncD+OKtflKZllXo45x60p8B/4FrH+wp/E05tv7unzocn6LcH5GUCEhQ7kgdAaJAwpFeQAbOnavV60A3sP0eAebJORxGMA/wCo/wBKyrxdcLc+Ib1wchZNg/4/D/Kti04AaanuzZ++sSuPivnLckytnPfk1TjVIiyu5MB2jHfB7V4IxjgkUW42528cN0+dRMTuPJ60wWf/2Q=='),
(10, 'Kirsten Dunst', 'Actor', 'data:image/jpeg;base64,/9j/4AAQSkZJRgABAQAAAQABAAD/2wCEAAkGBwgHBgkIBwgKCgkLDRYPDQwMDRsUFRAWIB0iIiAdHx8kKDQsJCYxJx8fLT0tMTU3Ojo6Iys/RD84QzQ5OjcBCgoKDQwNGg8PGjclHyU3Nzc3Nzc3Nzc3Nzc3Nzc3Nzc3Nzc3Nzc3Nzc3Nzc3Nzc3Nzc3Nzc3Nzc3Nzc3Nzc3N//AABEIAL0AfgMBIgACEQEDEQH/xAAcAAACAwEBAQEAAAAAAAAAAAAFBgMEBwIBAAj/xABBEAACAQMBBQUECAQFBAMBAAABAgMABBEhBQYSMUETIlFhsTJxgZEUNkJzocHR8AcjUnImNWJj8SUzwuEkgqIV/8QAGQEAAwEBAQAAAAAAAAAAAAAAAAECAwQF/8QAIxEAAgIDAAICAgMAAAAAAAAAAAECEQMhMRIyQYFRYQQicf/aAAwDAQACEQMRAD8AED2TWu7v/wCSWP3K+lZGo7jGtc3d/wAjsfuV9KWfiJgYZ/GkY35fzto//KkV9af/AONMZO+0j9BaRerUiOeWlTHhRxEuGGuDUkuVHPNcrguM6URsdm3F/NwW0Dy4/pGnxNMCjEO0UeNWYYZBlie6Oppw2f8Aw+v5lDTzpAPCMEmi53CRYxH28jn3DWpbRXizOWkYqFY5B8elcvCkalgwJYa+VO99uG0S8atIce6gNzu/LDGyBjnP2tKaYKDF1nbsOHJxnlUQU8xmiUlr9GPDPpiqLDvHBGOmtUiT7QqCSQ2a7Zcg5fGlQR6Sa8qnkTEbDiByPlSYH6y2OMbIsvuE9BWUb4D/ABJff3j0Faxsb/KLP7hPQVlO+H1kvv7x6CqxdIkDV9hq1vdv/IrH7layVGIRgOuhrWt2ddgWP3Ioz8Q4GLfxqR230wvI2kefm1Z+ynj4CDnoAK0b+NOm+UeOZtE9WrrcvdmPC7W2kntf9mM9fOsk6RaVsHbrbh3F+Uudo5hg59njvMPPwrTbCx2ds2ERwoqhR0GBVGa9llzFagKi82zgD416pS2iMtxIX82GMnyHWpcmzVRonvdsdipMMOUHNjoKX7neW/lP8iONV8WqSYz7SuCHBWNengP1qntW27FexUd9ui9PL986RRTut6L2MFHaORv9tcfnVcbZa9TEsZLHy5/Go4NnGV2DKeAaua92iy2rGC1A7XHfI+wPCqoD0Wa30bLLECufZI0pf2vu/JaEzWoMsJPfUnvL+ops2LcgjgnZSw68qv31srAsgDL18RT8qJlGzKpWTBiAAKeNVDkhjk8qYN5Nim1kNxCp7I8wPsn9KX+LCOMcxWiMao/XewznY9ifGBPQVlO+P1kvv7x6CtX2GP8Ao1iP9hPQVlG+I/xJff3j0FPF0zYMX2WrXN1/q/Y/dCsjU4BHjWubrfV6xP8AtCnm4VEzv+IGyE2j/ECGW6AFpb2SvKTyPebAqSe77ReXAMaL/StW987xLjbbwpyTHaHxxyHzyaGwx8bccvs88eNcknejqxwpWXLKIsBJPxCMeynU/v8ACiBs2k4ZJRmR9EXooqGz4X/mynuL7K+JonDLxENzduXkPGiyqPobCO3iPCuSNc460Ln2cZWZ+HiZuQo8kiyNhfYUfOvZWSMADWRtAPAdTS/Y6FyWwFralYlDSdT4setLke785WaY5JJzk8zWgiAzt2cY4v626Dyqw1mkUBQLWiui4wRmr7LcKk0a4bkanSR7UAShuxbnnmn/AKpou7XsweEaE+HKhN3DxxEMBnr+opA4Ai9iiliaKUAoRhvcetZve2X0S8mgkbPA2OVaLqhMUn/1z6e6ljeu0BMU+OY4GPu5etXF6ObJGj9KbIAGy7Mf7KegrJd8frJffeD0Fa3snTZdp9ynoKyTfD6y3/3g9BW2PpzMFVrG784t907aduUcHF8qyen29ujbfw7t8HBdAvr+lGb1LgrdCak30m5muZCSZHJ99WYZRI5GRwjmaBG7+j7LiZR35AKsQyvFaxRqP5jjJx0zXI+HdFB43PG4QHCjoKnN8QezQ95vaIP4UGgEoIigQyTHwHLzonY7JvQwZozx9CToKhRbNfEJC/W2jyTqOY8/15Vd2ZZ3V6TPOTErfPHgPCudlbDRJVlvG42X2V6Dz86ZUZAuBgCtYw/IqSOYoY7eIJGMCoJtc5qyzqRzqGXhJ0NaAgbNECCCMigt5Bwkpjn7NMkxjQd5lHvNCNpxh4+NCDjUEVLQ7EPa0nYT4fRSflQvbI+k7LlI9pe9n3UZ3jt+1Qvryz7jQSyDTWNwuVZGjZcj3cqEc+RH6F2Qc7Ls/uU9KybfD6yX3949BWrbEbOyLM/7K+lZTvh9ZL77wegrbF04mCqZ94JyNytmQL9qMk0rKaN7ZJfY2z4wfZtxjPvNPP6mmHc0JJkkWxti0ciORiNXU6jx/GmbZ1s0kig4LKveY9B1+OaCyPcSR28r+1CvAAAOVOthaGKzzGP5rqGP6VzVZ3RjTJ7JmtYz9GgUf65Dqx8a+k29fwtraqR4jpSfvHtTaVqGW3jkDg6tw5FBbSfb933lnk1Bzw8/iKpJsuclA06HemKRgsqFG99FoNodsRwEEEaa1mFhbbV7aOO6Hbq4HfUZ4Cf6scv3yrQ927ZxmK5Xhkj0PWk7sakmrJdo7Re3hZl1PQUsTbW2hcOcSGOMcyWxR/bVpcXc30a1wCebHkKVtsbuXzs6yMYolBEbKQzMehx0HXxoSbDySRPHc2kbB73aKuzdO0FWje2WMWspRvFWyD76Rrrde+Ze5NNIxXIXv4//AFRLd/dnasagz91QeQptUTGV+yoP7RTtraTIGcZGPGl/YltbzrctcSi3GQM8uMkedN7WhihCPqcUCj2UpMgx9vRR0oekSoqUkma/sFlbZNpwMGXslAI66Vlu+H1kvvvB6CtN3cQw7Jto20wmg8s6VmW9/wBZL7+8egrXD08/Iqk0gSmufGjV6O02ba+UaigSHWj/ALVjbjxQU8/qVg9wdZWjXViJIxxcD4YfE/mKbtnrkAN4UD3U4Xs7mPXSU5A58J/9g0Yt2MXEhzkHrWJ6F3TCMmzYpl9lcnrjNUhu5EXywU65/wC2KI20oAGXq+biIR54qKK2ULawjtMvxNnn4V3YA/SHfxqvcX6SSdhC3ePM+FXtmhGTuuvF1yaBNUVs8F4XPU1Zmgjn1JznpUO0+yV1HGAxbGhqpDtUQz9jNhhnAegErLY2XbA5FtFnxKivXWOBMAAVM94jJoRQy+uVZcZodAolK+cOSRVGxiHbyudVDg8vCuXkLylV1q3EOys348E8BAA8SOdD2RxtjpsRy+zLNzzaFSflWZb3/WO++8/IVp2wx/0218oV9KzDe/6yX3949BWuHp50gMuhFMFuM2cPklL/AOVMMB/+Og/0D0p5+I0w9Ot1bdksJ78Zz2pGPEA6+v4VI20hdRmdSnGrFXCnoCQDjmOVE4412bsaCMKCI+9J565b8SflS7PtK2utrworxmea2KvwoQSEI7Py9ni89NayOnHJ8CkF/lcHnUN7tViRDCS8raBF61HDB2jcGcE9ak//AJV9s+OSfZ6RTTgZxKSCw8AelQdtl2GyZLMiNz9JOSZMZ1/SgoXbmzHdyVlQ8uAHSoLXe7bEkphTZUYmBwUdjkGry7f3ihZWuNiRujANwhTnHvyfSmVGDfyvtlWMbU2lOH43jx0wPzo8li6WhEzEseZ86FnbG8tw6m12RBboVLDj10xnXX8qH3u9G2YV4Z7a0aQ6CONjxE+6j6FLG/iS+thdNoPC/YTHDdD41BeXx1Aqaw2btG+t0m2pDFCz94IrcRX31BeWHHc9knsrqaRNlR78WNtJdupbBVQB1yaK7GE7wQrdYHMcPFltf6vA6jSlreZxFbwWwwWebi4T1Cj9SKYNi3c9yiPMoQKxwFJ73Ec5PmNdao5MrdmjbI7tlCvggFZZvf8AWS++8HoK1LZZzaR/21lu931jvvvPyFaYes4pgYZOgpm2evFdQxNyBUH4c6X7cDiBPIUw7GJba0ZK5ChnPuCmnn3SLwroxyR/y442GoTiceZ1P4k1mu9cUWy9rJe2q8LRyKxUHmOo+I9a01nykkr6tjP61lm+j8dyVOuWI/AD1BrJ9No8GmyuY54454GDI4DKR1FH7e64o1PUc6yvdna72ci2sxzE5wv+knp7qfLO7UYIbKnmKT6dkH5Rss7b2JBekTxfy5v6h1oSLTattoTJKF0UrKc48Ka7SRJUCsQfCrsdpC3LOffRVm8P5M4Ku/6I5sdrXZHdeNTpxPKeXuFFdjbAgspO3l/nSjqRoPcKZjbRxjr86qTvHHHoABR4pCn/ACsk1S0v0RXE/BC7n3CgQl4BLM3NuVdbQ2grnhB0FK2817K2ybnsGKgLqw8Oo+VHyYcVgq8vV2ptgyq2YYspGfHXU/E+gp12Rj6KoXnxoPxrN9kaRqQOoFPez5zFahycYOnvxp+vwob2c8las0rd+XtLJf8ASzD8azfe76x339/5CnjdO4DIyZ0IVx8dPypG3uP+I77+8egrXD7M5MgNhILY5IDrTTswpaEuw79y/ZA+C/8APpSvbqZZ44UAAJH/ADRa6uOG8tlB0Eige7NPL8GmJdDl/eiCCQZ5VmO35TNdcRPn89fzpz2ylxKj8EbHjOBgcz5ePPpQO53XuZ+89zDE5IVFPeDnrgg9B+lY7bOiMUkKcLcN1CRzEi+op+kieP8AmQk+LLSc+xr612hZdrESsskRDLqBk8j5jByPKtNaz4RouVPTwpS6a4NWCrPazwjgfOOnlRi327jDcYI660Gvtn/aiGR4UPMZB1GSPGldHSlFjfPvBG64DAe6hF9tZphwx5xyoOqsToAPhVqOM8sZNHlYnFIj4WkPezjwrm+s+22fPHj2o2AHwonb2ue840FSyRZBGKDOTvRmmyDlYU68VNkkhDRRoe6gHxJ5mgF5ZSbI20xdSbd2Lxt5npReGXjAdu6DrlvfSb2YpaodN1Lzsr+1izo0fD7/AAoHvX3t4b0/6/yFRbPuzBewSLzidWHur3eSRX23dMh0ZgR8hW2B/wBjkzxoZba3tIYTOLcqCGY8TcumOXj6Vze7OspeHiV4jAA8kujYP9OMDxxoelWXkH0OFQGkXtFDt1xxdfn+GfGrUsEiMOGM+0zkHq3IZ+efnWslZpFNMr3kQFiHQsismDxLhuzOhz7sg/CgUMUzWky8B4048DwbQf8Akaa4LYG07B+/jiLcR9rJOc+RzUX0UIghAwSQOXUDA/KoZqkCItnSQ2zqGBY3Jcjoo6fHQ/s4os1vmENoPGpTGRIAgA4gCc9fKupVLhUHsgcPx/ZFQ42zWOigYI5k8+mKFXWz42J4hwt/UKY2gURK2CAOQHXFQLacUQMpBJGcKalw/BakKj7OlRu7girlvaFR3sZ8taY2soFiIQEvjn0FVTZ8AAU4AOSRz8x+BoUGhudoHheFeWKkhtnlzwjkM6+FXo7LtH4GGWwTnOBnwqzBbkEA/I0/BkNoB32x4b2Ex3CKysORGarWm5tmliI1R2yzAPx4IzyOdeXhTbiMrwtgnJyx9+lSKojjABIXiGV6jWqUNmb2BLHZKsV44XQxhSoVs6AkYHvAPzzUt7sjZ5lAeLVh3pRpkjGPX8KLwsrHs8nXOuOQ/wCKhvYEmCgggL7ODg+dax0ZyjZNcosjcL4IJOh6fGo1W5hQGCWKSJvsPzq3IuRkleDGuScmuSCImWAa8gde7TZouFIklBkFSOnUV3boxkHH9nGNetS9lNFCsYbJHXy/fnXcIBkEcoIbn3dSdeWBUdLIHIaVSneQLxAgV1NEV/lAYK6sM5Gcf8VIyJ31Rkd+HBAGTyGlSAxiB3C5ye8D0H71p0S2D7sNHb8ZJyMEDoNa7BHsroDrjwrzaQaSNFMSoFbB4DkN4GukzovMhCB8KT6UuFa6JMkEYxgvrj99KlJPDKeR55HXzqKWBn4WC44Sw/D9/OrELjJGOv70oQHsiAP2Y1EYw3yH4/pXg5n7Ixp+lTPwrABxqGU572pYnrjwqmOMTO7LlToM+FHBJWdaFm4ui5/EVPETNbd/h1PX3+lQRSB3K8BzgjTU9KtrBLGo4AGAPUYxyppCZyhMFoZcZMg4B5DrUE0jIFA4uJtST1q40avEnH3o0zgLk5PM4qo1wyHNvayORoVZsED8ab0HTlbmJiI42bGORJ1Px51bjDPGCAeWMHxFU0aGJgRApOcczyq7Z3X0pWUqV7/Dniz40kPhOAAQBr6168SyKwYHB5jlnyriCTjijcjVlOnhqf0rqR2EWc6kgE+Xe/SiibZEbdVw0PCGAwpYEge4Zr2bt3XACknAbxI6/P5VM6FZJTnJ4s8uea+XUDX95pDspsiK4aOErnJfu44fL514QnthzoCdMZq6wAOMZrwqOHOPgKB2VVaMwKjDjHTh5gV5m3ibhWbUgtkgn36irDRo3tKDiopLK2K9+IMBoAeQosLO4GhlgKwyAqenCeHyPlVKdow4j4ZGVRnijAwNf+KmEMQ4IxGApOFA+zVu2hQxyNgAgEE9TjH601sXqULcrE3HBGHYfaYH46mrS8c9zHIC0ag4xxEhh1yD+9akHDJHJIwOIkAAz5c/lpXBUdiJDyP2RRtCuz7giYiVgvERrnkSOnlXuVx3Vww5gry+Q/KuVUczXoymcH960XYH/9k='),
(11, 'Leonardo DiCaprio', 'Actor', 'data:image/jpeg;base64,/9j/4AAQSkZJRgABAQAAAQABAAD/4QFfRXhpZgAASUkqAAgAAAADAA4BAgAUAQAAMgAAAJiCAgARAAAARgEAABIBAwABAAAAAQAAAAAAAABDQU5ORVMsIEZSQU5DRSAtIE1BWSAxOTogIEFjdG9yIC8gd3JpdGVyIExlb25hcmRvIERpQ2FwcmlvIGF0dGVuZHMgdGhlIHByZW1pZXJlIG9mIHRoZSBtb3ZpZSAiTm8gQ291bnRyeSBGb3IgT2xkIE1lbiIgYXQgdGhlIFBhbGFpcyBkZXMgRmVzdGl2YWxzIGR1cmluZyB0aGUgNjB0aCBJbnRlcm5hdGlvbmFsIENhbm5lcyBGaWxtIEZlc3RpdmFsIG9uIE1heSAxOSwgMjAwNyBpbiBDYW5uZXMsIEZyYW5jZS4gIChQaG90byBieSBQYXNjYWwgTGUgU2VncmV0YWluL0dldHR5IEltYWdlcykyMDA3IEdldHR5IEltYWdlc//tAXRQaG90b3Nob3AgMy4wADhCSU0EBAAAAAABWBwCUAATUGFzY2FsIExlIFNlZ3JldGFpbhwCeAEUQ0FOTkVTLCBGUkFOQ0UgLSBNQVkgMTk6ICBBY3RvciAvIHdyaXRlciBMZW9uYXJkbyBEaUNhcHJpbyBhdHRlbmRzIHRoZSBwcmVtaWVyZSBvZiB0aGUgbW92aWUgIk5vIENvdW50cnkgRm9yIE9sZCBNZW4iIGF0IHRoZSBQYWxhaXMgZGVzIEZlc3RpdmFscyBkdXJpbmcgdGhlIDYwdGggSW50ZXJuYXRpb25hbCBDYW5uZXMgRmlsbSBGZXN0aXZhbCBvbiBNYXkgMTksIDIwMDcgaW4gQ2FubmVzLCBGcmFuY2UuICAoUGhvdG8gYnkgUGFzY2FsIExlIFNlZ3JldGFpbi9HZXR0eSBJbWFnZXMpHAJ0ABEyMDA3IEdldHR5IEltYWdlcxwCbgAMR2V0dHkgSW1hZ2Vz/+EGOmh0dHA6Ly9ucy5hZG9iZS5jb20veGFwLzEuMC8APD94cGFja2V0IGJlZ2luPSLvu78iIGlkPSJXNU0wTXBDZWhpSHpyZVN6TlRjemtjOWQiPz4KPHg6eG1wbWV0YSB4bWxuczp4PSJhZG9iZTpuczptZXRhLyI+Cgk8cmRmOlJERiB4bWxuczpyZGY9Imh0dHA6Ly93d3cudzMub3JnLzE5OTkvMDIvMjItcmRmLXN5bnRheC1ucyMiPgoJCTxyZGY6RGVzY3JpcHRpb24gcmRmOmFib3V0PSIiIHhtbG5zOnBob3Rvc2hvcD0iaHR0cDovL25zLmFkb2JlLmNvbS9waG90b3Nob3AvMS4wLyIgeG1sbnM6SXB0YzR4bXBDb3JlPSJodHRwOi8vaXB0Yy5vcmcvc3RkL0lwdGM0eG1wQ29yZS8xLjAveG1sbnMvIiAgIHhtbG5zOkdldHR5SW1hZ2VzR0lGVD0iaHR0cDovL3htcC5nZXR0eWltYWdlcy5jb20vZ2lmdC8xLjAvIiB4bWxuczpkYz0iaHR0cDovL3B1cmwub3JnL2RjL2VsZW1lbnRzLzEuMS8iIHhtbG5zOnBsdXM9Imh0dHA6Ly9ucy51c2VwbHVzLm9yZy9sZGYveG1wLzEuMC8iICB4bWxuczppcHRjRXh0PSJodHRwOi8vaXB0Yy5vcmcvc3RkL0lwdGM0eG1wRXh0LzIwMDgtMDItMjkvIiB4bWxuczp4bXBSaWdodHM9Imh0dHA6Ly9ucy5hZG9iZS5jb20veGFwLzEuMC9yaWdodHMvIiBkYzpSaWdodHM9IjIwMDcgR2V0dHkgSW1hZ2VzIiBwaG90b3Nob3A6Q3JlZGl0PSJHZXR0eSBJbWFnZXMiIEdldHR5SW1hZ2VzR0lGVDpBc3NldElEPSI3NDE5NDU0NyIgeG1wUmlnaHRzOldlYlN0YXRlbWVudD0iaHR0cHM6Ly93d3cuZ2V0dHlpbWFnZXMuY29tL2V1bGE/dXRtX21lZGl1bT1vcmdhbmljJmFtcDt1dG1fc291cmNlPWdvb2dsZSZhbXA7dXRtX2NhbXBhaWduPWlwdGN1cmwiID4KPGRjOmNyZWF0b3I+PHJkZjpTZXE+PHJkZjpsaT5QYXNjYWwgTGUgU2VncmV0YWluPC9yZGY6bGk+PC9yZGY6U2VxPjwvZGM6Y3JlYXRvcj48ZGM6ZGVzY3JpcHRpb24+PHJkZjpBbHQ+PHJkZjpsaSB4bWw6bGFuZz0ieC1kZWZhdWx0Ij5DQU5ORVMsIEZSQU5DRSAtIE1BWSAxOTogIEFjdG9yIC8gd3JpdGVyIExlb25hcmRvIERpQ2FwcmlvIGF0dGVuZHMgdGhlIHByZW1pZXJlIG9mIHRoZSBtb3ZpZSAmcXVvdDtObyBDb3VudHJ5IEZvciBPbGQgTWVuJnF1b3Q7IGF0IHRoZSBQYWxhaXMgZGVzIEZlc3RpdmFscyBkdXJpbmcgdGhlIDYwdGggSW50ZXJuYXRpb25hbCBDYW5uZXMgRmlsbSBGZXN0aXZhbCBvbiBNYXkgMTksIDIwMDcgaW4gQ2FubmVzLCBGcmFuY2UuICAoUGhvdG8gYnkgUGFzY2FsIExlIFNlZ3JldGFpbi9HZXR0eSBJbWFnZXMpPC9yZGY6bGk+PC9yZGY6QWx0PjwvZGM6ZGVzY3JpcHRpb24+CjxwbHVzOkxpY2Vuc29yPjxyZGY6U2VxPjxyZGY6bGkgcmRmOnBhcnNlVHlwZT0nUmVzb3VyY2UnPjxwbHVzOkxpY2Vuc29yVVJMPmh0dHBzOi8vd3d3LmdldHR5aW1hZ2VzLmNvbS9kZXRhaWwvNzQxOTQ1NDc/dXRtX21lZGl1bT1vcmdhbmljJmFtcDt1dG1fc291cmNlPWdvb2dsZSZhbXA7dXRtX2NhbXBhaWduPWlwdGN1cmw8L3BsdXM6TGljZW5zb3JVUkw+PC9yZGY6bGk+PC9yZGY6U2VxPjwvcGx1czpMaWNlbnNvcj4KCQk8L3JkZjpEZXNjcmlwdGlvbj4KCTwvcmRmOlJERj4KPC94OnhtcG1ldGE+Cjw/eHBhY2tldCBlbmQ9InciPz4K/9sAhAAJBgcIBwYJCAcICgoJCw0WDw0MDA0bFBUQFiAdIiIgHR8fJCg0LCQmMScfHy09LTE1Nzo6OiMrP0Q/OEM0OTo3AQoKCg0MDRoPDxo3JR8lNzc3Nzc3Nzc3Nzc3Nzc3Nzc3Nzc3Nzc3Nzc3Nzc3Nzc3Nzc3Nzc3Nzc3Nzc3Nzc3Nzf/wAARCAC9AH4DASIAAhEBAxEB/8QAHAAAAQUBAQEAAAAAAAAAAAAABQIDBAYHAQAI/8QAPxAAAgEDAwEFBQQJAwMFAAAAAQIDAAQRBRIhMQYTIkFRB2FxgZEUMqGxFSNCUmJywdHwM5KyY4LSU3Ois+H/xAAaAQADAQEBAQAAAAAAAAAAAAACAwQBAAUG/8QAJBEAAgICAgMAAQUAAAAAAAAAAAECEQMSITEEE0EiMmFxkaH/2gAMAwEAAhEDEQA/ALkzrTZZab2UnZXWbQ+CtKGKYVKWErrOocwK4QKbZlR1VmILAn5CoaaxpiTBJ7oI3oRkZ8wefeP8FZujVBsIYFcwKgX95bRwCW2vYnkGGEWeT7vxFD4e1enszNMS0YUbjEcMrZwQVOR9DWexG+tlgABr20UG1HtFYG1il0pmfvEO+SUgLCRxzx69PWhVnqk5vDNC9/d8fdJ/VqfdwAfnWPKkasTZJ7WQlrR9vpWQXakTMG65rWNR1qW4Ru/sLlkxz3IhfHyDg/nVTl0zSdTlaSyuw2PvRyDYw+vWuWVM6WKSKvYF1lBUE1YV1KSOPZzuo5YaJZW0JJxu99DLyK2F0BxnNE2CkyGt/LGd7ivSawuetFLuzgezKgjcRxVIvIZbeUqeRng0GqY55JxR9C4rm2lClYoxAgLUPV9Rt9OtXeaXYxU7MKSfjx5ZIqeBVQ7dSwPm0B23KxiXfgkBc42nHqRn5UMnSDhG2U2+v7hEMi3zTSBck7m2v0z16n40Oa5knugpJy+NuT58f+RqTZWJvP1bEKGPPovUHHyqYuliOOW8clFUEITxk9TilOSXA9Rb5BomnuF5ZtxAKnPTjH9BTSxMwEiv/qtnPkDUlQ3cxzRcIQ+3PuBI/KvTJ3U6wxhtg5RR5dM5/wA8q6zq4s7pyzzXEVqsm0MRnccAY8z9TVn1TXYbDT1t7WVQRwXMnJPuAqpzHMx2Ak55ApV1bxCOPbbgt5ruH5DkUDp9hq/hJuLm9KLctfT7s5VRIxYe/HlUQX0Msytfd5FNnw3iAl1P8X73pz5U2dO2MstsyFX5CysVI9RkeYr01rc92R3Unqc+L8R/aipfAG5fQ9cRXLaZvtbiOUomQ8TZDDp9D+B4PH3asbqdj3kmd35U7peovp8wRxm2dvGuM48iV9/u86I9o7GGO0TULIq8MhAkCHIUkZU+4Hn6Y60UXT1YvIuNkD4dYkLCN8miUGni+G41Xba3kkkBUHirhpReCLxDHFHJUZje3DNXFKFeFKoxZwVmva5hc9qbyDexXuo846Kygkf8q0s8c1nWj236W7SSp9nyJLraZH5Ged2M/P8AwUrI6Q/CrdkGKwvIrCMQQlhkncB1zUS/s76QJFIHCtwVxjFbLeWsFsVijRdqjjioF3Zw3QG9BkdDipm+S2MU0ZWuj3K7bdFbDHCjHyo2OzF8Zu9YR4IAAaruLSOIhlUbhwDjpXTEWbzpUskhqxRKzZ9mIIU3Pt7zHXGcH1rmo9nbdoFaJj3iHcCec1YmRgeaZl4GTSvZKxqxR6Mr1nvS3cuMbXLZC+Fs+fA4PT6UNDyxL4ZGUZ6B+K0vUdNgkLP3QyfTiqZrNmIieF2DoNv9aphkTRJkwuLtFduwZMOCjE9QB1o32RuYbiV9LugdsgO3Pl6qfd5/I+tVu4YFySvA9OCK9b3D28yTRsd6MNreo/uKo1bRI5JMsuiRwfaNjEdcHPkavEelRSQqUArOrVJrm9a9jJ2ytuIHr51erHVRBbqhzketURkmuSfVp8F6FKpK8gUsVxwkiqh2LJi1QEKFWNpCfUkkirgRVT0tlj1TUEj4xI5A/wC/J/HNTeRwkV+IrbRar2cyS5J6UkEEcc0xFCXQuRwec1JQYGKkVs9DhLg9wPKuhueRXSMmulABkmuaOsYlwSRiodwu47R505c3cULeIEnNRWvIWfhuR5HikyQ2I3dKvdgEE/CqF2nkKF9vHPSr/KdwBU5FBdY0u2vYGWWLxY4YdaKEqfJk4bRdGRXDksTnmvWYV9ykEHqCBkURvbFILiSPd4gfDnjNSOz2iXGpvOI0AjReZW4CGvQ3SVnleqUpUkXzsXpEcXZ+2aUKWdd+fic0zrVmolGz18qO24is9Pt4UclEjCAlSvQelQp3jlbml+z6iteOq1ZbYDujBp4VXdI7RWdwir3ig/GrBGyyKGU5Bq08k7VTuLJ9K7S/bZZM2Vwjlif2WyDj86tuPfUDXbIX2mSwnBPBX40vJDaI7DPWaAd124tYnMcdtI6g/sjyovpGtWmpIGhJH8LdarC3lxARZW9iuUTLM6navoPnXraDUsm4dYoX6qsaYzz8fSoKbVo9dRjF6t/4XaSXYXYDOCcCqvqv6Tu5s/bu4j/dWrDYTbrANOAZGHPxoTe2C3CyeJw5HhxS7YaS+kC2t9JQZv8AVu8k8wZAtclsbGfx2l27g9Csuamw6LDP3InhdTEm1QgA9f7mpy6DC1wZmhCtgDJ64FHLrhgR4k9lx/JBsreRAMuzr6k07cINhz0NEu7S3TZgY6UOvX8JAxU7HR5KPe6RJPfFogrOG6MOD6fGrvo9vAtoIu6wpXcUB53H88UPg29+GI6H+tWGLZBC4JAAYhR5kGmKV9mKCi+Cr9rpng0+0MOd28o30oVpjTSoS+c0e7RPDLKqcBMlse/AH9DUWyaJE8OKdF/jQOSLc2zLLGWaGZSkrL6c1oOm9tBawokxOcYqgxQiXIH7NQrmV4Z9hYke+vQv4fPU6s37S9XjvoVkU9RU/v1PBPFUbsQ27T0LNjijl7fRW0TMZOQPWts1Bm9sVkiRkyj9Sy9TTCWZ2Ecs54Bc9PfTWl6nHe2sc6NuV1B48iOv45qXPciKMy7cqnOK8x0me7DZwVCbmI26JGnRBgkV6EhyAGXJqO+qwSxbQpaTPiA60wJDKnhtZI2J8OSDn6dKVLuyhQdUw2okj6rg0sbictkCkRtJD3feHcrAfI+dSLl17vgU2uCZ8MHagwPSgd2/oaI3cu7IzQqQZ+VTyfJTBUhiJ9s6j1YCjk0kccEhbwMCWZs1WZ2zMgBxlhzQXtnqOpTZ09HCwvGGZlGGcHy+FNw43N0Lz5o4o7MRqur/AG67doXzCp2pj09ads7wqmM1ULb7RbHbKpx60Xtpiwyc1XLHXBBj8jd2yNpNkv3mPWg+u2wjucr60XWYqMIcUi4sJL3BXkmtjN7WxeTGvXUSw9mNQjh08bnCkCgnaLW3lkZEckfGhl0txYp3b5X4UIkkJbLHmqbsg6NJ9mmpF7C5tXbLQy7h7lb/APQavvfokXPnWNdgdQFtrhhkOEuYyg/mHI/r9a1mOPv4gynD4wDmvOzqsh7niS2wL9iRbW0OHefahblR0NTAy7B3U0fA6FhQOLTGyftNxLLk9VIFELTR7NkPDFvVnJrKRW4x1tsmNOwUK7ptJGMN0NOSzNsXHI6Gm7XSbK3JYRh2Ixufn864/dxRlEGF8hS5CVW3BHkQFWPFCpjgtRGSYbTigt9cLFGzO3NKSscnS5IEjl71FH7JyaAdt7prW+s5FBIkhK4/lY/+VWLTYGdTO45c5HwoX2v02S6sYL4DMVrMY3PmN4yPl4D9aqwOslEXmR2w2ALe4W4ALJj1zRGOWBFxkUDLhPCtOxuCPErH4Nj+lWvk8yKroTEMmrT2bgO15nXKLwM0Cve6iukSPGWOBirdcummaEDwDtyaFY/yG+6olH7XXCSXZjjHA5NCbSx7/BbpSLm4NzM8jHJY5p5ZWhiyKYyaNXbJn6LVCrxPtdSCpHUEVf8As/rDTIiTECUYDD1PrWcWN28j8txmjMNwUYOr7WHnmpssduGen4s0la6ZrMMcMoBEgyegFSbe3jt2yATnyJqi6L2hXvAZGBZRyPKrHLrsZZSFcHHXoKn1oq2cumHZ7tBGQv3vSg886owUtjdzgmg13riBcod24+FR50MmvZp5gGBDNjAFc4NgKSiw1eago8CnrkZqFHayX1wDLnuh+z60uy04sVebxN76NQwiNcgUHC6GW32NSxrFEABiium6EuodmLy0uAF/SAOxiPu4+43+7mlaVpD6nPukBFqh8bdN38Iq2PGFUBVAUDAA8hT8GN/qJvLzKvWj5nW3ki1Caxv4Wt7yF9kkT+Tf509aKGwIUYWrJ7bEgXUNMlVVW8eNwz9CyKRjPwJOKBaDq8M0JhvsCVBw4IO4VRkuriS+NKFuGT+wFaQXE2oxyFSyxnzo32qvLm4sBAiHHniu6VKY4d3dZJruoX5dO77nxmj9r2qgV40fXs2U2O0dBlzU6GFLpNm7FWzRey6agu+6lxn9kUVu+y+n6XD3rXKRj+I9fhTGiRIzae2+xv4WyKbMtzIcRKzHpxRvU1spJiU3OAevTNIgdI1yFCqPIVmthKbSpFp9k2kLca9d22plZBPp0gaMchRvT8elFdV7IzWN08STOADld2SCPUc9Kiexi5STtfemQ+NrJgn+9c1st5YQX8Pdzr/K46qfdQZMdrjsfgz6P8uUZBb6BIT4p9n/ALa4P1JovZaPb24JRct5s3Jqy3GiXFq5zF3sfk8Yz9RTtro9zMwCxMo/ecbcVE4Tumel7MVbJgSO3C8Yo3pmgS3OJLrdFB1A/ab+1HrDR7e0Idh3so/aYcD4CiBp2Px/siXL5d8QI0cKQxrFEgSNRgKKQ65qQ1Ce1GpDRtA1DUTybaBnUerY4HzOKpohb+swL2o6sNU7YXexsw2gFtHg8eH7x/3Ej5VUlzjrgCuyMzsWkYu7HLMepJ6muxHhgJNh9a0Atml3jRxgbc/GuX9003+jF4vNugHzqB9sjtV2giR/wH96g3F/JMfE3HpS443tsyvJ5K00iFYtSubXk3RyOipwo/vUC+1Se7kLSyM7epNDnmJ86bLU4jJKyFj1pcsp2bV6moqtt6daeddkJ55PU1phoPsWsGk1G5v+fA4iU/Ik/wDIVuEJPANZz7F7Aw9m4p2XBnd5fj4to/BRWiXZaO2cxgl24Xb15rfhqMu9oPb+7/SLaboFz3MNs5We4TBMkg6qD+6Oh9T8OZHss7fXOpazLoesyo8kib7WXABZh95T6nHI+BrKLq2k0vVNQ0+4MhktpXTMnUgHgn4jB+dHfZHpKav22illbalkpuAA+1i44XHryc/L30LN+n0iaTXFYlRnr50qhDE4rL/bzqv2Ts7aaZG2JL6fc4/6ceCf/kUrUHYKpJ4Ar5v9sOtHVu2U8Sn9TYoLdB7+rH6nH/bXIGRSA2eDXqbY88UsHI4rQRwyEnJNJLUjNczWmC814Eg8UkV7dnp0rTh1GwwPnTtzJlaYjIGK7O2VJ91ccfTfYG0Fn2X0qMdRZxZ+O0E/nRy5Z2b9WM7ePnUHs/EYNMs4/JYUA+QFSrm7g0zTp7y8cJDAjSSMfIDk1nwMwX2rw/Zu3FzKdubi3jeRR1DY28/JQae9iunwXfa15rjcJLSBpYADjLHwHPrw341Ve0Wsza7rN5qNwCHuX7zb+4vRV+SgCj/svuZIu2OmCJtodmR/4gUPH5fSuZi7PoSHdHNkMxU8EE1OHSokVOlyF2j6+lCEQO0WpxaXpN5fS/6VrE0jfxEDp9eK+TrqeS5uJZ523Syu0jt6sTkn6mt79tWqCz7JiyQ+O9mVD/IviP4hR86+fmNb8Bl2JNdXPkM0mlHpWGHQa4TXh0rlacK6/CvVz0r1EYLXrXpD4W/lNcFcf7rfA1px9d6Zg2Fvj/01/Ks49uWufZ9PtdBt3xJeMJp8eUangfNv+NaFpLH7BbH/AKSfkK+cu3Gpzar2z1K4uOqTvCi5yFVCVA/D8axdBMrrE73J6tz8hwKs/s6lEfa/SST1uUX68f1qryHMzn0GKN9jmKdpNIYdRf2//wBi1jMR9SRqMV3ul865H0pzOBmhGMwL246mt12njsYjlLGEKf528R/DbWZmivaC9l1LV7y8nP6yeZ5G56ZJOPl0oUfOiYsTS8KevBpFd6jFYcf/2Q=='),
(12, 'Kate Winslet', 'Actor', 'data:image/jpeg;base64,/9j/4AAQSkZJRgABAQAAAQABAAD/2wCEAAkGBwgHBgkIBwgKCgkLDRYPDQwMDRsUFRAWIB0iIiAdHx8kKDQsJCYxJx8fLT0tMTU3Ojo6Iys/RD84QzQ5OjcBCgoKDQwNGg8PGjclHyU3Nzc3Nzc3Nzc3Nzc3Nzc3Nzc3Nzc3Nzc3Nzc3Nzc3Nzc3Nzc3Nzc3Nzc3Nzc3Nzc3N//AABEIAL0AfgMBIgACEQEDEQH/xAAcAAABBQEBAQAAAAAAAAAAAAAFAQIEBgcDAAj/xAA/EAACAQMCBAMECAQFAwUAAAABAgMABBEFIQYSMVETQWEiMnGBI0JSkaGx4fAHFMHRM2JygqIksvEVQ0RTkv/EABkBAAMBAQEAAAAAAAAAAAAAAAABAwQCBf/EACERAAICAgMAAgMAAAAAAAAAAAABAhEDIRIxQRQiBBNR/9oADAMBAAIRAxEAPwAKRtXsb9aeEJIwCST0A3rxUhsEYI7imIZvSb4rpg9qVYnZCyoSo6kDYUAcznbavDb0rokfOQoG/wCVdDB7fKAWPko865lNR7OoxcuiOPOod5qVrabSSczdk3puqCYZjVuQHrgb/pVa1CBLUn+ZYhjuEO7keo8h8aisvJ6K/q49hGXidOY+Hb5/1N/alj4ibm+ktiAfs+VCLSF5VLlFSLyAAyfnUS7uo42McPQdqak26QuKSLrb6pBcqSrb+YPWpqMGUFd6zeCdw4ZQQQc5Harvody00HK27oxDY/OqJ+M5a1aCRXevYp+MnPpT3gljVGeN0VxlCykcw7jvXeiZw5TjHlS4yPPNdoLee4bkt4ZJnxnljQscd8Cm8pBKsMEdQfKjQFy4ZsF0viPUbi43i0qOV8nqeoX71yaqU8rzTSSyvmSRi7t3JOT+NXLX9c0+fQZWtJAb/UfB/m0AIK8q7/iMfOqWR3pAMJFE9B1mTSLkyJiWCQck8De7KvYjv++lD9u1cpJ0hK56nrjyFDkkhpWw/q1rp6XAk0uZ2tZwGReUhlJ+ofn+9s1MsNJVIvpjGhxlmc9PUmqfYanz3TXDkFUH0Qb3UHf1NFy93qI9hmEYOUB9526ZP39PLNefkm5O2bccKVAjivW7eykkh0hOd1JDXTDo3Zf79aq2jaPPqkxuZ+YxKc5I94/1q8DhL+euhEcLBF7+PM1Y9L0SFnZI0VLW2GM+RI6n5f1pLJxVROnBXsz260W5mX+WtUIdk5mb7K/rQY8HXw2MTZ9BW7WWnxQRs/hgPIcnI3A8h9345ro1umchBn4V1Ccoobxp9mCHh64tlPixMuOp5al2VtJHE7jmQ56k4I+BrY7yyimQq8Y388VSeItBZUd4FOD91d82cPGAtFvzcSNbT/4ydD9oVp97o0mqaNoErTR29pb2hM9xIdkHs4+JPlWHf9RYX0b786HmUHqR5itT1LWrfUtA0SC0mkYQwt4qYKjJ5eU+u2a1QdmSUaYV4jeTRLKGx0ZPCsLqMOb1Gy913y3l16D8siqh0/Sj2hazBFayaXq4eXTJtxjdoH8mX+36gh7hY0ndYJfFiB9l+UrzDyOD0rvZwJ5frXsU7fFIOvSgDwGWAFANbuwjMnfbOdgPOid/cBA6q3KoXMjfkPwqrWsEurah4Kbjqfh61nzPwvij6G+H7B9TkDHaEN7I+16/v0rRtOt2DIluB7A6noD0H78sVB0PTEsbZF/xGC7FhjGev7/tR21V44wIwA0n1sbn4fvesMpWzWtIki2jtrcW0O7ndnbqzHzP72FS7e3WOMWsXuqAZD37D8/2abHAYVGBzTN7uf309am28XhR8u5Y7s3c11FW7BIY0WBnFcjGBUp+Zq4OD5iu6Okzj4Kk4NQdV08SQMCMiiIOCK9ckPEVHUiqRpkpWjBuM7Vrac4OyvnB8q68K3oeI2rHP1kPp5j86JfxJiBc/az1qlaTdva3KSZxyt7Xw86tHRCezQsZpR8K8hDIGTdSMg96cQe1WM48bj0rlPIIoWcbkD2R3PlXTbtUe+dI4keQgRq3Mc+gOPxAofQ0CtXUxWiwglnckt3Y7fpXXQjDp68sS887HLH9e1DLi4kv7nmPsIdkX0oqtnNplqt1NCzhjhI1wGbfH3VgzS5OkbsUaVsuejSzXEqmVC+/soB7xozqWt2ehoDODPev/wC2uMRjzz5L06daCaNPdR2Dz3SR2cI+pEfaYf5n6/IYpsfG1g8bKbdjbKfDz4LFc4O2wI8j51LHifpSbRZdJ4k068UsshEhHtB+tWS0kgmGx3PT1qiabFouoy+PbW8aOGI5kiMZz1zg4z8qsNkSk3IrbCrK49o5aUlphuWWKHZsbdaAavxJplkCJJQXH1V61K1BeZjGTnmOKr2pR6VpUona1illUFuZk5yMDyA/Ond6BJIjjiHUb6TOmaTLJGPrttn+lS7fWZ2kEF/avbTN7oO4b4Gh03HNqkhTlmRVXmZjC3Ko8iT5DcbnuKkx6hb6/YmW3ZXZDzKynNJ2mLUkU7+JcRktTIo6HJIFZlFIVbc4I/Gtf4whM+kvlM7bisfxyOyN1BxvV4O0QmqZoXDM3j6PBkkmPMZ+R2/DFFBQHgwY0l9t/Gb8hR/G1Wj0QfY7G29COICSkMWTykl2HfG39aNeVCNe5FSAsfaZxGP91KauLocHUkcuG7GW6uibeJJCgy7t7sY+A3Y+m1Xy9gtZbfljAchozzsBzMFYfd8BtQX+H0sNoLpZxgSJgZ7iuwveWdBnZzgfftXluVs9FRLKLGG408wSLlXG4oVFwoXhFm/t2gk8REXbB3/vVg072o0X0ovBHybjerqxMD2mgJbRtHzOkJfxNjuGx1BOa6JMH1BuToBjPf1qdqBkaMrnC4oVYb3Lge6POm2JIlPLi6QsOlMutHFyXaKV2WZCknNg8yny2Aps7AThT1xRK0DogK9DQtAyqy8GwwmQ2w8MSIEfGTzDtuTtsPuqfpGjWmlwmO3iRM+8VXHN8asZ+kBztUCZOTNDTYLqis63bIY5IyBykYFYvqulyC+k5Iz7TbAVs+tSF51iB96o+s6Vaabw9JqKJm4iRZBv0J/U10pOJy4JvZmnBk7rJNabmPHP16GrdgdhVe4XgRXuGGAxwVHnj9irHg+W9aoO1sx5KUhx6VWuL45CqOm6qjGrNiompWyXNo6OPLY9q6ZMk8JNBqlpezl1iZcTN6Ftzj/dkAVA1yVoLm3CZGGDcvbHQUT/AIfaE0kXiXBMcUMhdIwcFyRyhm/5Y9MHvUfiIeJr8gUAhVOF77E4/AffXlzS/Zo9LFL67L/okiyQqwPUAijsTBVyapvC0xNlGBvyHlq0BzyjNWsb2e1JjJbsFzg4zjtQ7TrmO0mdbhORjuA+Nx3FSrq6iQLzuEx3OKbDPaXKlGaN/PBxR6NJ0RLm6gnvj4cbuoU8zIMhfnRWwkdLZM+7037VwWW1hHhq0SY+rkV1ilDE4YEHsaAarTJ5ZSoIxQy+kC5NdTKykrQbUJmIJPTNFiSBqwve6pIUHsxjc9qgfxEuodP4eltWkP07IqgnJIBDMf8Aj95FRoOKU03iCDRmhDnUR7cpfHgjOzeoxk/IVmfFWuS63q9zLFK00Icx2mV5eWPO22T5dfjVoY72zPkypaRM4RM11qk94cheUKAOmNwBV1GfOhHC+nHT9NVJAOdvab40ZPpWhdGVi42OK8qAnL7qPKnYA9a5KxMvTAHnmlJ0hpbLToN0lrFI8mMDLEAdhsPhVN1uVrXVXbm+kQl3PZjv+AorPfksLeBOYlxhe+ANjQfWI3tYZZJCHvJDiMdQZGOxJ+NeYnykb6qIa4Ju2EUsEh9uNgD6+yDn8a0O3KzWwbsM1kul6nENYVrcBojDhnXzCtjJ+RXf1rRtNvMIBnZhtVZBHaAev6ZM97/MRSyMjdR2qPp9hdSBkW6II9oBl3GKtUahmODtUjwYyACAT8KSZqhmcY8aKld2F7ASrXBk8xyrmpGh6VdC4E0080aj6oIGfjVoEEYTpXFsKcAbU2KWZyVUS+VEgZicnG2aBXac8e/qTU2eYuAgO3nVY4x4kh4e0/xSFkmJHhxH62+/yrqEeTMs5cUZDxHr1yeJb2axcovt2ykfWXlKH8yRRThfRGzDdX0RQhfok6euSO+/4Ulrp7zWM0Vvau6TXhYuMY5ObIIz5EVbrO6jVJIRGOZk5OWQe0mCDn8MfOtlGG77HIMZp1IB1+NKR6V0cnTBwTQ2+uBDG2feOwHrRFjhGzk7VWdUkEFpHPKcM+cD7Pf+tSy21SKY6uyfp94kep2zzMRGrgSGh3GetLPqcNvalJG5Q5wNlZvdH+1d/i3ljBDy6o8epLG8gFuD7o8yfrH5VItdHkXVp7pkaVAxfJYZ37fDeoYsfF7L5Z2tBf8Ah7GZ9XuUk3RIRHjy3J/tV5lE+jFVlDNZsQIpevIfst/Q0L4W0hdN8J+XlkuCzvn5YFaFaRx3FuY5UV0YcrKwyCKnJpy0WiqirINhcxywq6nrRSAoV3Iqt6noN1pjmXSJg1u3/wAeUn2f9LdvQ/fUMahrlvs+l3jDuiBx/wASaFR0tlwnxjINCr66SIbsAT3oGdR1+f8AwtJusfalCxqP/wBEVHi0LVdVkMmp3YgT/wCu3PM5/wBxGB8h86egtna94ghhkFvbjxrphlY03P6D1NZPxs91e62wu3LtyhE5d1Xf2gPhtWwXFjZ6NYslnCseRlm6sx7knc/OsfsLmK9163EvMxeed8Hp7Ww/7arh9M+Z6LjaWjQWcMVvLyKiAYI5h07UrRmO4iPOW5sg5py3CW4EdywjK7AtsGHof6UsZNxN4vKwjQELkY5j3rTSMp3FKATXhueoonYaDqmoQ+NaWUjxno5IUH4ZIz8qLAHsOZSPMjFUzU7afUgzAqIbckdeqjqcfGm3HHj83/TWACA9ZJMkj4Af1oZrc80eo3kCzs0AmZoQp9lo2OV+OVIpNbGnojTpFJDDcoVZomAkXO5A6H02rRdHtZIRZy3cHLbzRK6sDkIWGQG+8Vl8MjRPzJ8CD0I7H0rbuB511Lha1MkPsqphZT7Wy7flg1nz2o6NGCnK2FFiDXaCPdUTbHr/AOKO6Y2CFNDdJsXglPhnnh6Kje8o+Pn86n/4FzggqD0rLH+ml70FbmMSxgDyrikeNhUiI8yA147E1arJ9EK4UsOQdTXjEtvBjocb1JA3z0odqM+PZBrnoaK1xG5eIgdO1Y7wzZluJJSTtbSOPnkitm1GLmiZiKqFrpkdpc3U0ShTLLlx03OTn86rgkronnjqybzHzr2d6Q7ivAb7D8a1mQsHCOjJqd6813gWduOaTOwbsPhsSfQetEdW40uPH8PSFSK3TZXZMl8eh2A9P/FctSkbSOELSzj9ma/zNORt7Jwcfdyj5GqorjvikBj3Jiu7SGSNA/1BgH0phpR7tMBBWhfwr4iWyu5NIuXCxXTc0LHykxgj5jH3etZ+BT0JUggkEHIIOCK4lHkqOoy4uz6lsynKOUg03VI9lcDpWecAcXDVYksrycR6kgwCTgTjuP8AN3HzHpeRcu3sy7jvWKS46Ztj9vsgjbSZt80qvziuFoQInT7qfZMvI2SOtKzqjrKeSIk+VAcG6uz15VNE9VnKwcqHc1F00xJGQzAMd6H3QLSs4XtrzRnA2xvVY1TTkltblZM8rp1BwQcjBB8j61cp5E5TgiqrxZqEWmaPdXLEZCEIv2nOyj78fjRT5KheNszvQ+K43AtdWYKw2W56K3+rsfXp8KvugaTJrN8lvCcRY5pJRuFTv658qw0DAA7CrXwfx5qnCltc2ltyy2twACrbNEe6N5dTt089t69A88+jdX1vTrDT5R40MzhTGlurBixG2CO3eqzacIWNvZRTa7qH8rLINk8REC+mW6n4VVOAtZ0fVdesQ93HGebmEU7BGLgeyu+xOcdM1b47FuK9evpbkutnbExRkdwdsfiT8RQB82daUdKSnL0piFXrTqbS5oAejFSGUkEEEEHcEedXbh/+I+o2CrDqcYv4BsHJ5ZV+fRvnv61R816uXFS7O4ycejeND470TUsJFeC3mO3hXX0Zz2B6H5E0aMhU8ykcp7HY1825qTaX95ZbWd5cWw64hmZPyNQl+OvGaI/k12j6DluPEfDHb8q5MiZH55rDhxNra7f+rXh+MpP51xn17VrheWbU7xl7eOwB+41P4zfbKfKj4jX9Z1/StERv566DTYPLbxnmkb5eXxOBWS8T8Q3evXQaX6O3Q/RQqdl9T3PrQonqe/WuZrRjxRgZsmaUxh60knQU801+gqpEajFWDKSCNwR5GtN4T/jHf6Jp38lqenJqIUkrOJfDkOevOeU8x/zde+etZjTwdqAFp4pAN66KNqYCCvU6kFIBKUUmaWgZ40maU0lACV4GlxXsUAIaaadTTQIQ700040xqAG4paTO1eoA//9k=');

-- --------------------------------------------------------

--
-- Estructura de tabla para la tabla `usuarios`
--

CREATE TABLE `usuarios` (
  `id_usuario` int(11) NOT NULL,
  `nombre` varchar(255) NOT NULL,
  `email` varchar(255) NOT NULL,
  `contrase침a` varchar(255) NOT NULL,
  `tipo_usuario` enum('admin','usuario') NOT NULL DEFAULT 'usuario'
) ENGINE=InnoDB DEFAULT CHARSET=utf8mb4 COLLATE=utf8mb4_general_ci;

--
-- Volcado de datos para la tabla `usuarios`
--

INSERT INTO `usuarios` (`id_usuario`, `nombre`, `email`, `contrase침a`, `tipo_usuario`) VALUES
(1, 'Admin', 'admin@flixgo.com', '240be518fabd2724ddb6f04eeb1da5967448d7e831c08c8fa822809f74c720a9', 'admin'),
(3, 'usuario', 'usuario@example.com', '8d969eef6ecad3c29a3a629280e686cf0c3f5d5a86aff3ca12020c923adc6c92', 'usuario');

--
-- 칈ndices para tablas volcadas
--

--
-- Indices de la tabla `clasificaciones`
--
ALTER TABLE `clasificaciones`
  ADD PRIMARY KEY (`id_clasificacion`),
  ADD UNIQUE KEY `tipo_clasificacion` (`tipo_clasificacion`);

--
-- Indices de la tabla `favoritos`
--
ALTER TABLE `favoritos`
  ADD PRIMARY KEY (`id_usuario`,`id_pelicula`),
  ADD KEY `id_pelicula` (`id_pelicula`);

--
-- Indices de la tabla `generos`
--
ALTER TABLE `generos`
  ADD PRIMARY KEY (`genero_id`),
  ADD UNIQUE KEY `nombre_genero` (`nombre_genero`);

--
-- Indices de la tabla `peliculas`
--
ALTER TABLE `peliculas`
  ADD PRIMARY KEY (`id_pelicula`),
  ADD KEY `id_clasificacion` (`id_clasificacion`),
  ADD KEY `genero_id` (`genero_id`);

--
-- Indices de la tabla `pelicula_reparto`
--
ALTER TABLE `pelicula_reparto`
  ADD PRIMARY KEY (`id_pelicula`,`id_reparto`),
  ADD KEY `id_reparto` (`id_reparto`);

--
-- Indices de la tabla `reparto`
--
ALTER TABLE `reparto`
  ADD PRIMARY KEY (`id_reparto`);

--
-- Indices de la tabla `usuarios`
--
ALTER TABLE `usuarios`
  ADD PRIMARY KEY (`id_usuario`),
  ADD UNIQUE KEY `email` (`email`);

--
-- AUTO_INCREMENT de las tablas volcadas
--

--
-- AUTO_INCREMENT de la tabla `clasificaciones`
--
ALTER TABLE `clasificaciones`
  MODIFY `id_clasificacion` int(11) NOT NULL AUTO_INCREMENT, AUTO_INCREMENT=5;

--
-- AUTO_INCREMENT de la tabla `generos`
--
ALTER TABLE `generos`
  MODIFY `genero_id` int(11) NOT NULL AUTO_INCREMENT, AUTO_INCREMENT=4;

--
-- AUTO_INCREMENT de la tabla `peliculas`
--
ALTER TABLE `peliculas`
  MODIFY `id_pelicula` int(11) NOT NULL AUTO_INCREMENT, AUTO_INCREMENT=10;

--
-- AUTO_INCREMENT de la tabla `reparto`
--
ALTER TABLE `reparto`
  MODIFY `id_reparto` int(11) NOT NULL AUTO_INCREMENT, AUTO_INCREMENT=13;

--
-- AUTO_INCREMENT de la tabla `usuarios`
--
ALTER TABLE `usuarios`
  MODIFY `id_usuario` int(11) NOT NULL AUTO_INCREMENT, AUTO_INCREMENT=4;

--
-- Restricciones para tablas volcadas
--

--
-- Filtros para la tabla `favoritos`
--
ALTER TABLE `favoritos`
  ADD CONSTRAINT `favoritos_ibfk_1` FOREIGN KEY (`id_usuario`) REFERENCES `usuarios` (`id_usuario`),
  ADD CONSTRAINT `favoritos_ibfk_2` FOREIGN KEY (`id_pelicula`) REFERENCES `peliculas` (`id_pelicula`);

--
-- Filtros para la tabla `peliculas`
--
ALTER TABLE `peliculas`
  ADD CONSTRAINT `peliculas_ibfk_1` FOREIGN KEY (`id_clasificacion`) REFERENCES `clasificaciones` (`id_clasificacion`),
  ADD CONSTRAINT `peliculas_ibfk_2` FOREIGN KEY (`genero_id`) REFERENCES `generos` (`genero_id`);

--
-- Filtros para la tabla `pelicula_reparto`
--
ALTER TABLE `pelicula_reparto`
  ADD CONSTRAINT `pelicula_reparto_ibfk_1` FOREIGN KEY (`id_pelicula`) REFERENCES `peliculas` (`id_pelicula`),
  ADD CONSTRAINT `pelicula_reparto_ibfk_2` FOREIGN KEY (`id_reparto`) REFERENCES `reparto` (`id_reparto`);
COMMIT;

/*!40101 SET CHARACTER_SET_CLIENT=@OLD_CHARACTER_SET_CLIENT */;
/*!40101 SET CHARACTER_SET_RESULTS=@OLD_CHARACTER_SET_RESULTS */;
/*!40101 SET COLLATION_CONNECTION=@OLD_COLLATION_CONNECTION */;
